EDAD,GENERO,CARRERA,EDAD_ELECCION_CARRERA,ID_CARRERA,CARRERA_LO_QREALM_QUERIAS,APASIONA_TUCARRERA,OPORT_LABORALES,FERIAS_EXPO,REC_FINANCIEROS,PASE_AUTOMATICO,PROM_CALIF_MIN,DIST_ALA_UNIV,PRESTIG_TITULO,SALARIO_PROM,TIPOS_ESPACIOS,HABILIDAD1,HABILIDAD2,HABILIDAD3,HABILIDAD4,HABILIDAD5,CALIF_HABIL1,CALIF_HABIL2,CALIF_HABIL3,CALIF_HABIL4,CALIF_HABIL5,ELECC_CARRERA,ESPACIOS_ID,HABILIDAD1_ID,HABILIDAD2_ID,HABILIDAD3_ID,HABILIDAD4_ID,HABILIDAD5_ID
22,HOMBRE,INGENIERIA EN COMPUTACION,18,0,4,4,2,5,4,1,5,5,1,2,CAMPO,LIDERAZGO,PROACTIVO,INNOVACION,ADAPTABILIDAD,NOINFO,7.0,8.0,6.0,8.0,0.0,PERSONAL,1,2,48,77,52,0
21,HOMBRE,INGENIERIA EN COMPUTACION,18,0,4,5,5,5,3,1,1,1,5,3,CAMPO,ANALISIS,OBSERVACION,LOGICA,DESTREZA,RH,7.0,9.0,8.0,7.0,6.0,PERSONAL,1,1,24,12,16,49
20,HOMBRE,INGENIERIA EN COMPUTACION,15,0,4,5,5,4,4,5,3,3,3,3,CAMPO,INGENIO,DISCIPLINA,ANALISIS,LOGICA,ORDEN,8.0,10.0,8.0,8.0,9.0,PERSONAL,1,6,13,3,7,68
21,MUJER,INGENIERIA EN COMPUTACION,18,0,4,4,3,5,5,1,1,1,1,1,CAMPO,CAPACIDAD DE ANALISIS,CAPACIDAD DE DECISCION,TRABAJO EN EQUIPO,HABLAR OTRO IDIOMA,AUTODIDACTA,9.0,9.0,10.0,7.0,10.0,PERSONAL,1,40,54,7,118,12
21,MUJER,INGENIERIA ELECTRICA ELECTRONICA,17,2,1,4,5,5,1,1,1,3,1,1,CAMPO,ABSTRACCION,MATEMATICA,NOINFO,NOINFO,NOINFO,9.0,8.0,0.0,0.0,0.0,PERSONAL,1,20,40,2,1,0
20,MUJER,INGENIERIA INDUSTRIAL,18,1,4,5,5,3,5,4,5,3,5,5,CAMPO,ANALISIS,ACTITUD,RESOLVER PROBLEMAS,ATENCION,OBSERVACION,8.0,8.0,9.0,7.0,9.0,PERSONAL,1,1,44,25,75,83
19,HOMBRE,INGENIERIA EN COMPUTACION,17,0,4,4,5,5,4,5,4,1,1,3,OTROS,RAZONAMIENTO,IMAGINACION,CREATIVIDAD,ADAPTACION,ACTUALIZACION,7.0,8.0,8.0,9.0,7.0,PERSONAL,3,28,14,4,50,56
22,HOMBRE,INGENIERIA MECATRONICA,18,5,4,4,5,2,1,1,3,1,1,2,OTROS,ANALISIS,LOGICA,APLICACION,DESTREZA,SOCIALES,9.0,10.0,8.0,9.0,9.0,PERSONAL,3,1,0,102,16,25
21,HOMBRE,INGENIERIA EN COMPUTACION,19,0,5,5,4,1,2,2,4,4,2,2,CAMPO,ANALISIS,MEMORIA,COMPRENSION,CREATIVIDAD,AUTODIDACTA,9.0,8.0,9.0,8.0,8.0,PERSONAL,1,1,67,30,3,12
20,MUJER,INGENIERIA EN COMPUTACION,17,0,5,5,5,5,5,4,2,1,1,1,CAMPO,COMPRENSION,TRABAJO EN EQUIPO,LOGICA,ANALISIS,NOINFO,8.0,6.0,8.0,8.0,0.0,PERSONAL,1,39,11,12,28,0
27,HOMBRE,INGENIERIA MECANICA,15,7,5,5,5,1,1,1,1,1,4,1,EXTRANJERO,ANALIZAR,ACTITUD,ESTRUCTURAR,INVESTIGAR,APLICAR,9.0,9.0,9.0,8.0,10.0,PERSONAL,2,88,44,78,44,85
22,HOMBRE,INGENIERIA GEOFISICA,18,6,5,4,5,1,5,5,1,1,1,4,EXTRANJERO,MATEMATICAS,PROGRAMACION,COMPRENSION,CONDICION FISICA,EXPRESION,8.0,6.0,8.0,10.0,9.0,PERSONAL,2,3,10,30,24,39
21,MUJER,INGENIERIA EN COMPUTACION,16,0,5,5,4,2,1,1,1,1,2,2,CAMPO,PERSEVERANCIA,OBSERVADOR,LOGICA,TENACIDAD,PACIENCIA,10.0,8.0,9.0,9.0,10.0,PERSONAL,1,22,47,12,37,18
21,HOMBRE,INGENIERIA EN COMPUTACION,18,0,5,4,2,5,5,5,5,5,1,3,CAMPO,DISCIPLINA,PROFESIONALISMO,PROACTIVO,CURIOSO,NOINFO,5.0,6.0,9.0,9.0,0.0,PERSONAL,1,11,85,101,54,0
21,MUJER,INGENIERIA EN COMPUTACION,17,0,4,5,4,5,1,1,1,1,1,1,CAMPO,RESOLUCION DE PROBLEMAS,LOGICA,PACIENCIA,DISCIPLINA,PERSEVERANCIA,9.0,8.0,2.0,7.0,8.0,PERSONAL,1,24,0,16,31,74
19,HOMBRE,INGENIERIA EN COMPUTACION,17,0,5,5,4,4,5,1,1,1,1,3,CAMPO,SOCIABILIDAD,OBSERVACION,ANALISIS,PLANEACION,NOINFO,7.0,9.0,8.0,7.0,0.0,PERSONAL,1,50,24,3,35,0
19,HOMBRE,INGENIERIA EN COMPUTACION,18,0,3,5,3,2,5,5,3,3,4,3,CAMPO,DISCIPLINA,PASION,RESPONSABILIDAD,ANALISIS,NOINFO,8.0,9.0,10.0,10.0,0.0,PERSONAL,1,11,63,21,28,0
21,HOMBRE,INGENIERIA EN COMPUTACION,18,0,2,4,5,5,4,4,4,1,4,3,CAMPO,CREATIVIDAD,PENSAMIENTO LOGICO,DISENO,HABILIDAD MATEMATICA,TRABAJO EN EQUIPO,7.0,8.0,8.0,8.0,9.0,PERSONAL,1,4,46,20,12,1
26,HOMBRE,INGENIERIA EN COMPUTACION,21,0,4,5,4,1,2,3,3,2,1,1,OTROS,ABSTRACCION,LOGICA,HABILIDAD MATEMATICA,RESOLUCION DE PROBLEMAS,TRABAJO EN EQUIPO,9.0,8.0,8.0,8.0,5.0,PERSONAL,3,20,0,52,4,1
22,HOMBRE,INGENIERIA EN COMPUTACION,17,0,4,5,4,1,2,1,1,1,5,5,OTROS,PENSAMIENTO LOGICO,PACIENCIA,HABILIDAD MATEMATICA,RESOLUCION DE PROBLEMAS,ABSTRACCION,8.0,10.0,8.0,8.0,7.0,PERSONAL,3,36,8,52,4,21
18,HOMBRE,INGENIERIA EN COMPUTACION,18,0,5,5,4,4,1,5,5,1,1,2,OFICINAS,PROGRAMAR,LOGICA,ANALISIS E INVESTIGACION,TRABAJO EN EQUIPO,MATEMATICAS,9.0,10.0,8.0,8.0,9.0,PERSONAL,0,37,0,43,6,43
22,HOMBRE,INGENIERIA GEOFISICA,18,6,4,5,5,3,4,4,1,1,3,5,EXTRANJERO,MATEMATICA,CAMPO,LOGICA,COMPUTACIONAL,INTERDICIPLINA,7.0,9.0,8.0,5.0,10.0,PERSONAL,2,7,69,12,76,45
22,HOMBRE,INGENIERIA GEOFISICA,17,6,4,5,2,1,1,4,5,1,4,4,OTROS,MATEMATICA,FISICA,ANALISIS,COMPUTO,INGLES,9.0,9.0,10.0,9.0,8.0,PERSONAL,3,7,21,3,77,14
20,HOMBRE,INGENIERIA GEOFISICA,17,6,5,4,5,1,4,5,5,5,5,5,EXTRANJERO,MATEMATICA,LINGUISTICA,FISICA,LOGICA,ESPACIAL,9.0,9.0,9.0,9.0,8.0,PERSONAL,2,7,68,91,7,87
22,HOMBRE,INGENIERIA GEOFISICA,17,6,4,4,5,5,5,5,1,5,3,3,OFICINAS,MATEMATICA,PROGRAMACION,IDIOMAS,ANALISIS ESPACIAL,REDACCION,10.0,8.0,7.0,10.0,8.0,PERSONAL,0,7,10,37,46,27
22,HOMBRE,INGENIERIA GEOFISICA,18,6,4,5,5,5,5,5,5,1,4,4,EXTRANJERO,FISICOMATEMATICA,UBIACION,IMAGINACION,OBSERVACION,INTERPRETACION,8.0,10.0,8.0,7.0,9.0,PERSONAL,2,61,64,27,53,40
22,HOMBRE,INGENIERIA GEOFISICA,17,6,2,3,3,4,1,1,1,1,1,4,OTROS,ABSTRACTA,MATEMATICA,SOCIAL,LOGICA,REDACCION,7.0,7.0,8.0,7.0,7.0,PERSONAL,3,56,40,79,7,27
21,HOMBRE,INGENIERIA GEOFISICA,17,6,4,3,5,2,2,1,1,5,5,5,EXTRANJERO,FISICA,MATEMATICA,PROGRAMACION,INGLES,EXPOSICION DE TEMAS,9.0,10.0,9.0,10.0,9.0,PERSONAL,2,63,40,11,25,88
21,MUJER,INGENIERIA INDUSTRIAL,18,1,5,5,5,1,3,2,1,1,1,1,OTROS,IDIOMA,ANALISIS,LECTURA,SENSIBILIDAD,INVESTIGACION,8.0,9.0,9.0,9.0,7.0,PERSONAL,3,46,12,64,88,13
22,MUJER,INGENIERIA INDUSTRIAL,18,1,4,3,4,5,5,2,3,4,1,1,CAMPO,HABILIDAD MATEMATICA,INGLES,ANALISIS,INVESTIGACION,NOINFO,7.0,8.0,8.0,8.0,0.0,PERSONAL,1,13,66,3,29,0
24,MUJER,INGENIERIA ELECTRICA ELECTRONICA,19,2,5,5,4,3,4,1,1,1,3,5,OFICINAS,MATEMATICAS,CREATIVIDAD,EXPRESION,NOINFO,NOINFO,7.0,7.0,7.0,0.0,0.0,PERSONAL,0,3,1,35,1,0
19,MUJER,INGENIERIA EN COMPUTACION,18,0,3,3,5,5,2,5,1,4,3,5,CAMPO,PENSAMIENTO ABSTRACTO,ANALISIS,RAZONAMIENTO,CREATIVIDAD,ORGANIZACION,7.0,7.0,7.0,5.0,5.0,PERSONAL,1,53,12,18,3,8
22,HOMBRE,INGENIERIA GEOLOGICA,17,14,5,5,5,4,5,2,2,1,1,5,EXTRANJERO,LIDERAZGO,IDIOMA,TRABAJO EN EQUIPO,PRIMEROS AUXILIOS,COMPUTACION,7.0,6.0,10.0,5.0,8.0,PERSONAL,2,2,19,7,67,44
24,HOMBRE,INGENIERIA EN COMPUTACION,18,0,4,4,4,4,4,4,4,4,4,4,CAMPO,PROACTIVO,RAZONAMIENTO,ADMINISTRACION,LIDERAZGO,EMPATIA,9.0,9.0,9.0,9.0,8.0,PERSONAL,1,27,2,70,8,35
23,HOMBRE,INGENIERIA EN COMPUTACION,18,0,4,5,5,5,1,5,5,1,2,2,CAMPO,LOGICA,PACIENCIA,CONSTANCIA,ETICA,RAZONAMIENTO,8.0,10.0,8.0,9.0,8.0,FAMILIARES,1,9,8,9,113,6
26,HOMBRE,INGENIERIA EN COMPUTACION,22,0,2,5,2,2,5,1,1,1,5,4,CAMPO,RAZONAMIENTO,CURIOSIDAD,CREATIVIDAD,LOGICA,PACIENCIA,8.0,8.0,7.0,8.0,10.0,PERSONAL,1,28,96,4,7,18
25,HOMBRE,INGENIERIA EN COMPUTACION,15,0,2,2,5,4,4,5,5,1,4,4,CAMPO,LIDERAZGO,TRABAJO EN EQUIPO,INTELIGENCIAS,DISCIPLINA,LOGICA,8.0,9.0,8.0,7.0,9.0,PERSONAL,1,2,11,105,31,15
21,HOMBRE,INGENIERIA EN COMPUTACION,16,0,4,3,5,5,1,3,2,1,2,3,CAMPO,INGENIO,RESPONSABILIDAD,CRITERIO,PENSAMIENTO ANALITICO,ABSTRACCION,8.0,7.0,9.0,9.0,8.0,PERSONAL,1,6,4,19,116,21
22,HOMBRE,INGENIERIA EN COMPUTACION,16,0,5,5,4,3,2,1,1,1,2,2,CAMPO,RAZONAMIENTO,DEDICACION,PACIENCIA,PRACTICAR,TRABAJO EN EQUIPO,8.0,8.0,9.0,8.0,7.0,PERSONAL,1,28,23,16,70,1
22,MUJER,INGENIERIA GEOFISICA,17,6,4,5,5,1,2,3,1,1,4,4,EXTRANJERO,PROGRAMAR,GEOLOGIA,MANEJO DE CONCEPTOS ABSTRACTOS,INTERPRETACION,NOINFO,6.0,8.0,8.0,7.0,0.0,PERSONAL,2,37,97,110,85,0
22,HOMBRE,INGENIERIA EN TELECOMUNICACIONES,17,9,4,4,5,5,4,5,5,5,4,3,CAMPO,DISENO,RESOLUCION DE PROBLEMAS,HABILIDADES COMUNICATIVAS,INVESTIGACION,HABILIDADES DE COMUNICACION,8.0,9.0,10.0,8.0,9.0,PERSONAL,1,30,16,28,29,3
22,HOMBRE,INGENIERIA EN COMPUTACION,18,0,4,4,5,1,5,5,4,1,4,5,OTROS,INGENIO,PROGRAMACION,MATEMATICAS,TRABAJO EN EQUIPO,EFICACIA,8.0,6.0,9.0,8.0,9.0,PERSONAL,3,6,10,17,6,72
21,HOMBRE,INGENIERIA EN MINAS Y METALURGIA ,17,19,2,3,5,1,4,5,5,2,4,5,EXTRANJERO,RESOLVER PROBLEMAS,ANALISIS,TRABAJO EN EQUIPO,IDIOMAS,CONOCIMIENTOS DE NORMAS,9.0,9.0,5.0,7.0,6.0,OTROS ,2,14,12,7,38,42
23,MUJER,INGENIERIA GEOLOGICA ,17,14,4,4,5,2,2,2,2,2,1,2,EXTRANJERO,TRABAJO EN EQUIPO,IDIOMAS,CONOCIMIENTO DEL CONTEXTO AMBIENTAL,GEOHISTORIA,LOGICA,4.0,4.0,5.0,5.0,5.0,PERSONAL ,2,5,84,50,65,15
18,MUJER,INGENIERIA CIVIL ,15,3,5,3,4,4,5,5,1,1,2,3,EXTRANJERO,CREATIVIDAD,INGENIO,RAPIDEZ,DESEMPENO,EXCELENCIA,5.0,5.0,5.0,5.0,2.0,PERSONAL ,2,4,25,13,39,51
18,MUJER,INGENIERIA CIVIL ,18,3,4,4,5,5,5,5,5,2,4,4,EXTRANJERO,IMAGINACION,INNOVACION,CREATIVIDAD,DESEMPENO,NOINFO,8.0,8.0,9.0,8.0,0.0,PERSONAL ,2,33,27,4,39,0
22,HOMBRE,INGENIERIA CIVIL ,16,3,5,4,5,5,4,5,2,3,5,5,EXTRANJERO,IMAGINACION,CAPACIDAD DE DECISCION,ENSENAR,NOINFO,NOINFO,7.0,8.0,8.0,8.0,0.0,PERSONAL ,2,33,54,60,1,0
20,HOMBRE,INGENIERIA EN COMPUTACION,18,0,5,5,4,3,4,5,5,1,1,1,CAMPO,LOGICA,RAZONAMIENTO,MATEMATICAS,CONDICION FISICA,DISCIPLINA,8.0,8.0,7.0,7.0,10.0,PERSONAL ,1,9,2,17,24,9
24,HOMBRE,INGENIERIA INDUSTRIAL,18,1,2,5,4,3,2,4,4,4,4,5,CAMPO,RAZONAMIENTO,TOMA DE DECISIONES,VENTAS,TRABAJO BAJO PRESION,MATEMATICAS,8.0,9.0,9.0,8.0,6.0,PERSONAL ,1,28,31,94,19,43
20,HOMBRE,INGENIERIA EN COMPUTACION,17,0,3,4,1,1,3,5,4,2,3,1,OTROS,DISCIPLINA,CREATIVIDAD,TRABAJO EN EQUIPO,INTELIGENCIA,CONOCIMIENTO,7.0,8.0,6.0,9.0,8.0,PERSONAL ,3,11,1,7,10,33
20,HOMBRE,INGENIERIA EN COMPUTACION,17,0,4,5,5,4,5,1,1,1,5,5,OTROS,RESOLVER PROBLEMAS,ACTITUD,PROGRAMAR,TRABAJAR EN EQUIPO,COMUNICACION,8.0,7.0,9.0,8.0,7.0,PERSONAL ,3,14,44,62,100,34
21,HOMBRE,INGENIERIA EN COMPUTACION,18,0,5,5,5,5,2,1,1,1,1,1,CAMPO,PROGRAMACION,OBTENER INFORMACION,INGLES,MEMORIA,LEER,8.0,8.0,5.0,7.0,8.0,PERSONAL ,1,16,83,42,48,38
23,HOMBRE,INGENIERIA EN COMPUTACION,16,0,4,4,5,5,2,1,5,2,4,4,CAMPO,TRABAJO EN EQUIPO,PACIENCIA,RESPONSABILIDAD,COMPRENSION,DEDICACION,10.0,8.0,8.0,10.0,6.0,PERSONAL,1,5,8,21,32,2
25,MUJER,INGENIERIA EN COMPUTACION,18,0,4,4,5,5,5,5,5,5,2,1,CAMPO,AUTOAPRENDIZAJE,NOINFO,NOINFO,NOINFO,NOINFO,7.0,0.0,0.0,0.0,0.0,PERSONAL,1,31,5,2,1,0
23,HOMBRE,INGENIERIA EN COMPUTACION,19,0,4,2,2,1,1,1,1,1,5,4,CAMPO,ANALISIS,CREATIVIDAD,TOMA DE DECISIONES,SER BILINGUE,LIDERAZGO,7.0,7.0,7.0,7.0,6.0,PERSONAL,1,1,1,51,56,4
23,HOMBRE,INGENIERIA EN COMPUTACION,16,0,4,5,5,4,5,1,3,5,5,4,CAMPO,DESTREZA,ESTRATEGIA,RETENCION,CALCULO,CREATIVIDAD E IMAGINACION,9.0,8.0,8.0,9.0,8.0,PERSONAL,1,34,51,88,55,41
20,MUJER,INGENIERIA EN COMPUTACION,13,0,5,5,5,5,4,1,1,1,4,1,CAMPO,TRABAJO EN EQUIPO,ANALISIS,RESOLUCION DE PROBLEMAS,LOGICA,NOINFO,7.0,8.0,8.0,8.0,0.0,PERSONAL,1,5,12,1,7,0
22,MUJER,INGENIERIA EN COMPUTACION,19,0,3,4,1,1,4,5,4,2,3,1,CAMPO,DISCIPLINA,INNOVACION,LOGICA,INTELIGENCIA,CONOCIMIENTO,7.0,8.0,6.0,9.0,8.0,PERSONAL ,1,11,27,12,10,33
25,MUJER,INGENIERIA EN TELECOMUNICACIONES,18,9,2,2,5,5,5,5,5,1,4,4,OTROS,AUTOAPRENDIZAJE,SER BILINGUE,DEDICACION,NOINFO,NOINFO,8.0,9.0,8.0,0.0,0.0,PERSONAL,3,31,28,6,1,0
24,HOMBRE,INGENIERIA GEOFISICA,20,6,5,5,5,4,5,2,2,1,1,5,EXTRANJERO,LIDERAZGO,SER BILINGUE,NOINFO,NOINFO,NOINFO,7.0,6.0,0.0,0.0,0.0,PERSONAL,2,2,28,2,1,0
21,MUJER,INGENIERIA EN COMPUTACION,19,0,4,3,4,4,5,3,4,4,4,4,CAMPO,PROACTIVO,PACIENCIA,LOGICA,LIDERAZGO,EMPATIA,9.0,8.0,8.0,8.0,6.0,PERSONAL,1,27,8,12,8,35
22,MUJER,INGENIERIA EN COMPUTACION,17,0,4,5,2,5,2,5,5,4,2,2,OTROS,ADMINISTRACION,RAZONAMIENTO,ANALISIS,INTELIGENCIA,TRABAJO EN EQUIPO,7.0,7.0,9.0,10.0,7.0,PERSONAL,3,79,2,3,10,1
19,HOMBRE,INGENIERIA PETROLERA,17,4,3,3,4,1,5,1,1,1,5,5,EXTRANJERO,PERSEVERANCIA,EXTROVERTIDO,LIDERAZGO,IDIOMA,RADICAL,9.0,7.0,8.0,7.0,8.0,PERSONAL,2,22,30,15,33,31
18,HOMBRE,INGENIERIA PETROLERA,17,4,5,5,4,2,4,4,4,3,3,4,EXTRANJERO,LIDERAZGO,IDIOMA,OBJETIVO,INGENIOSO,RADICAL,8.0,9.0,8.0,8.0,7.0,PERSONAL,2,2,19,76,71,31
19,HOMBRE,INGENIERIA PETROLERA,17,4,5,5,4,4,5,1,1,5,5,4,CAMPO,IDIOMA,EXTROVERTIDO,SOCIABLE,RADICAL,NOINFO,9.0,9.0,9.0,9.0,9.0,PERSONAL,1,46,30,81,97,0
20,HOMBRE,INGENIERIA CIVIL ,18,3,5,5,4,5,2,5,3,1,3,4,OTROS,IMAGINACION,LIDERAZGO,PENSAMIENTO MATEMATICO,ETICA PROFESIONAL,REDACTAR,8.0,8.0,9.0,9.0,9.0,PERSONAL,3,33,6,45,36,47
19,HOMBRE,INGENIERIA PETROLERA,17,4,5,5,4,1,2,5,4,4,4,2,EXTRANJERO,LIDERAZGO,OBJETIVIDAD,INTELIGENCIA,ESFUERZO,IDIOMA,7.0,10.0,10.0,9.0,7.0,PERSONAL,2,2,57,24,104,55
19,HOMBRE,INGENIERIA CIVIL ,17,3,5,5,5,5,4,5,5,1,1,1,CAMPO,CREATIVIDAD,RESOLVER PROBLEMAS,NOINFO,NOINFO,NOINFO,7.0,7.0,0.0,0.0,0.0,PERSONAL,1,4,34,2,1,0
19,HOMBRE,INGENIERIA CIVIL ,15,3,2,3,3,2,4,4,4,5,4,3,EXTRANJERO,ANALISIS,CRITERIO,PENSAMIENTO MATEMATICO,LIDERAZGO,CREATIVIDAD,7.0,8.0,6.0,7.0,8.0,PERSONAL,2,1,55,45,8,7
20,MUJER,INGENIERIA CIVIL ,16,3,5,5,3,2,5,4,4,1,1,1,EXTRANJERO,LIDERAZGO,CREATIVIDAD,NOINFO,NOINFO,NOINFO,9.0,8.0,0.0,0.0,0.0,PERSONAL,2,2,1,2,1,0
20,MUJER,INGENIERIA CIVIL ,17,3,4,4,5,5,5,4,5,3,1,1,EXTRANJERO,INNOVACION,LIDERAZGO,CREATIVIDAD,INICIATIVA,NOINFO,6.0,8.0,8.0,9.0,0.0,PERSONAL,2,66,6,4,87,0
19,HOMBRE,INGENIERIA CIVIL ,17,3,5,5,5,5,5,4,3,3,3,4,EXTRANJERO,HABILIDAD MATEMATICA,LIDERAZGO,CREATIVIDAD,CAPACIDAD DE ANALISIS Y AUTODIDACTA,SOCIALES,8.0,9.0,8.0,8.0,8.0,PERSONAL,2,13,6,4,11,25
27,HOMBRE,INGENIERIA CIVIL ,18,3,4,5,4,1,2,1,1,2,3,2,EXTRANJERO,SENTIDO COMUN,RESPONSABILIDAD,COMUNICACION,FISICOMATEMATICAS,TRABAJO EN EQUIPO,9.0,8.0,9.0,9.0,8.0,PERSONAL,2,64,4,40,93,1
55,HOMBRE,ARQUITECTURA,16,15,5,5,4,4,4,1,1,5,5,1,EXTRANJERO,ANALISIS,TOMA DE DECISIONES,PROGRAMACION,CONTROL,EFICIENCIA,9.0,9.0,8.0,9.0,9.0,PERSONAL,2,1,31,11,41,24
40,HOMBRE,INGENIERIA EN COMPUTACION,17,0,4,5,5,1,5,4,4,3,1,2,CAMPO,LOGICA,CREATIVIDAD,ABSTRACCION,NOINFO,NOINFO,8.0,9.0,8.0,0.0,0.0,PERSONAL,1,9,1,49,1,0
29,MUJER,INFORMATICA,19,17,4,3,3,3,3,4,4,1,3,3,CAMPO,COMUNICACION,OBJETIVIDAD,PRAGMATICA,CREATIVIDAD,METICULOSA,6.0,7.0,7.0,8.0,8.0,PERSONAL,1,29,57,68,3,50
20,MUJER,ADMINISTRACION,18,12,4,4,5,5,5,1,5,5,5,4,CAMPO,LIDERAZGO,ANALISIS,TOMA DE DECISIONES,COMUNICACION,HABILIDAD MATEMATICA,9.0,9.0,8.0,9.0,6.0,PERSONAL,1,2,12,51,13,17
35,HOMBRE,INGENIERIA DE SOFTWARE,30,34,5,5,4,1,3,1,4,2,3,3,CAMPO,DESARROLLO,CREATIVIDAD,DISENO,ANALISIS,NOINFO,8.0,8.0,8.0,8.0,0.0,PERSONAL,1,81,1,20,28,0
25,HOMBRE,INGENIERIA EN COMPUTACION,17,0,5,4,5,1,5,5,5,5,4,4,CAMPO,ANALISIS,ACTITUD,EMPRENDIMIENTO,LIDERAZGO,PACIENCIA,9.0,10.0,8.0,8.0,9.0,PERSONAL,1,1,44,47,8,18
22,HOMBRE,ADMINISTRACION,18,12,5,5,4,4,4,1,1,1,1,1,CAMPO,DINAMISMO,ANALISIS,COMPANERISMO,INFLUYENTE,FACILIDAD DE PALABRA,9.0,10.0,9.0,8.0,8.0,PERSONAL,1,72,12,44,95,100
21,HOMBRE,ADMINISTRACION,17,12,5,5,4,5,4,4,4,2,3,1,CAMPO,LIDERAZGO,NEGOCIACION,COMUNICACION,TOMA DE DECISIONES,ESTRATEGIA,9.0,8.0,10.0,9.0,10.0,PERSONAL,1,2,43,40,62,67
33,HOMBRE,DISENO Y COMUNICACION VISUAL,16,10,2,1,2,1,2,5,5,4,1,2,CAMPO,CREATIVIDAD,IMPROVISACION,CONSTANCIA,PERSEVERANCIA,NOINFO,6.0,5.0,5.0,4.0,0.0,PERSONAL,1,4,56,9,18,0
21,MUJER,INGENIERIA INDUSTRIAL,18,1,5,5,4,5,2,1,2,1,1,2,CAMPO,ANALISIS,LIDERAZGO,CAPACIDAD DE SINTESIS,EMPRENDEDRO,ORGANIZADO,9.0,8.0,10.0,9.0,10.0,PERSONAL,1,1,6,55,83,66
22,HOMBRE,INGENIERIA INDUSTRIAL,19,1,3,1,5,5,5,3,3,1,4,5,CAMPO,ORGANIZACION,INOVACION,PLANEACION,CONTROL,PRODUCCION,8.0,9.0,8.0,9.0,9.0,PERSONAL,1,42,35,98,41,64
22,HOMBRE,INGENIERIA INDUSTRIAL,18,1,4,4,5,5,5,5,5,5,5,5,OTROS,CREATIVIDAD,CRITERIO,INOVACION,EMPATIA,LIDERAZGO,8.0,9.0,8.0,8.0,8.0,PERSONAL,3,4,55,72,22,4
21,MUJER,INGENIERIA INDUSTRIAL,18,1,2,4,5,5,5,5,5,5,5,5,EXTRANJERO,CREATIVIDAD,VISUALIZAR A LARGO PLAZO,ANALISTA,RECTO,NOINFO,9.0,9.0,8.0,8.0,0.0,FAMILIARES,2,4,49,107,94,0
21,HOMBRE,INGENIERIA INDUSTRIAL,19,1,3,2,5,1,4,1,1,1,5,3,OTROS,ETICA,NEGOCIOS,CONTABILIDAD,ADMINISTRACION,LIDERAZGO,9.0,10.0,7.0,9.0,8.0,PERSONAL,3,75,75,93,26,4
23,HOMBRE,INGENIERIA EN COMPUTACION,17,0,4,4,1,1,1,4,5,1,1,4,CAMPO,RAZONAMIENTO,TRABAJO EN EQUIPO,AUTODIDACTA,RAZONAMIENTO,NOINFO,8.0,7.0,9.0,9.0,0.0,PERSONAL,1,28,11,41,9,0
23,HOMBRE,INGENIERIA EN COMPUTACION,18,0,4,4,4,4,3,3,3,4,1,3,CAMPO,EMPRENDER,REFLEXIONAR,RESOLVER PROBLEMAS,ANALISIS,NOINFO,8.0,8.0,9.0,8.0,0.0,PERSONAL,1,73,52,25,28,0
22,MUJER,INGENIERIA SISTEMAS BIOMEDICOS,19,28,5,5,5,1,2,1,1,1,2,2,OFICINAS,INTEGRAR CONCEPTOS,TRABAJO EN EQUIPO,ALTRUISMO,ENTENDIMIENTO,CONCEPTOS DE ELECTRONICA,9.0,8.0,9.0,10.0,9.0,PERSONAL,0,87,11,97,90,97
21,HOMBRE,INGENIERIA INDUSTRIAL,18,1,5,5,5,1,5,1,1,5,5,5,CAMPO,LIDERAZGO,DISIPLINA,PERSEVERANCIA,TRABAJO EN EQUIPO,ACTITUD,10.0,10.0,10.0,10.0,10.0,PERSONAL,1,2,99,48,6,62
21,HOMBRE,INGENIERIA INDUSTRIAL,18,1,5,4,5,5,5,5,5,5,4,4,OTROS,DISIPLINA,LIDERAZGO,PERSEVERANCIA,HABILIDAD MATEMATICA,TOMA DE DESICIONES,9.0,7.0,10.0,8.0,7.0,PERSONAL,3,71,6,48,12,16
25,HOMBRE,INGENIERIA EN COMPUTACION,16,0,5,5,5,5,5,5,5,1,5,5,CAMPO,CREATIVIDAD,CONSTANCIA,PENSAMIENTO CRTITICO,EFICACIA,INGLES,10.0,7.0,8.0,7.0,9.0,PERSONAL,1,4,18,111,72,14
22,MUJER,INGENIERIA EN COMPUTACION,17,0,4,4,3,1,1,1,1,1,1,1,CAMPO,RAZOCINEO,LOGICA,ENTENDIMIENTO,TRABAJO EN EQUIPO,INGLES,9.0,9.0,9.0,8.0,9.0,PERSONAL,1,60,0,99,6,14
23,HOMBRE,INGENIERIA EN COMPUTACION,17,0,4,5,5,5,1,5,5,5,3,5,CAMPO,VISION,TRABAJO EN EQUIPO,LIDERAZGO,RAZONAMIENTO,LOGICA,8.0,10.0,8.0,7.0,9.0,PERSONAL,1,49,11,15,9,15
23,HOMBRE,INGENIERIA EN COMPUTACION,17,0,3,4,5,5,4,5,5,3,4,4,CAMPO,SINTESIS,RAZONAMIENTO,LIDERAZGO,LOGICA,VISION,8.0,8.0,7.0,8.0,8.0,PERSONAL,1,32,2,15,7,29
22,HOMBRE,INGENIERIA EN COMPUTACION,17,0,3,2,4,2,1,5,5,1,1,1,CAMPO,RESOLVER PROBLEMAS,ABSRACION,ANALITICO,AUTODIDACTA,ORGANIZACION,7.0,7.0,8.0,8.0,7.0,PERSONAL,1,14,53,34,45,8
21,HOMBRE,INGENIERIA INDUSTRIAL,18,1,4,4,4,1,5,5,5,1,1,3,CAMPO,ANALITICO,LIDERAZGO,PRODUCTIVO,INOVACION,CREATIVIDAD,10.0,7.0,8.0,7.0,7.0,PERSONAL,1,17,6,56,80,7
21,MUJER,INGENIERIA INDUSTRIAL,16,1,5,5,5,4,3,1,1,4,4,4,CAMPO,DISENO,ACTITUD,CREATIVIDAD,INNOVACION,PLANEACION,10.0,9.0,9.0,8.0,9.0,PERSONAL,1,30,44,4,23,28
21,MUJER,INGENIERIA INDUSTRIAL,18,1,4,4,5,5,4,1,4,2,4,4,EXTRANJERO,LIDERAZGO,RAZONAMIENTO,CREATIVIDAD,LOGICA,RESPONSABILIDAD,4.0,4.0,3.0,4.0,4.0,PERSONAL,2,2,2,4,7,11
20,MUJER,INGENIERIA INDUSTRIAL,17,1,5,5,5,1,1,1,1,1,1,2,EXTRANJERO,LIDERAZGO,CREATIVIDAD,EMPRENDIMIENTO,TRABAJO EN EQUIPO,ETICA,7.0,6.0,7.0,9.0,10.0,PERSONAL,2,2,1,47,6,75
21,MUJER,INGENIERIA INDUSTRIAL,17,1,4,5,5,5,3,5,3,3,4,4,EXTRANJERO,EFICIENCIA,OPTIMIZAR,ANALITICO,HABLAR EN PUBLICO,LIDERAZGO,9.0,9.0,9.0,10.0,10.0,PERSONAL,2,76,101,34,112,4
23,HOMBRE,INGENIERIA ELECTRICA ELECTRONICA,17,2,5,5,4,4,3,3,5,4,4,4,EXTRANJERO,ABSTRACION,PENSAMIENTO CRITICO,HABILIDAD NUMERICA,IDIOMAS,COMPRENSION,8.0,8.0,8.0,5.0,7.0,PERSONAL,2,52,17,116,38,36
22,MUJER,INGENIERIA PETROLERA,18,4,4,4,5,5,1,5,4,3,5,5,EXTRANJERO,LIDERAZGO,TOMA DE DECISIONES,HABILIDAD PARA MATEMATICAS,VISUALIZAR ESPACIO Y TRABAJAR EN UN AMBIENTE DIFERENTE,NOINFO,9.0,8.0,9.0,10.0,7.0,PERSONAL,2,2,31,5,120,0
26,MUJER,INGENIERIA EN COMPUTACION,15,0,4,4,5,5,3,3,2,2,4,4,CAMPO,LIDERAZGO,ANALISIS,TRABAJO EN EQUIPO,RAZONAMIENTO,LOGICA,8.0,8.0,7.0,9.0,8.0,PERSONAL,1,2,12,7,9,15
20,MUJER,CONTADURIA,17,13,4,5,5,5,5,5,1,1,1,2,CAMPO,HABILIDAD MATEMATICA,DISCIPLINA,RAZONAMIENTO,TOMA DE DECISIONES,HABILIDADES DE COMUNICACION,10.0,8.0,9.0,8.0,7.0,PERSONAL,1,13,13,18,62,3
26,HOMBRE,INGENIERIA MECATRONICA,18,5,1,2,1,1,1,1,1,1,4,4,EXTRANJERO,MATEMATICAS,LOGICA,IDIOMAS,TRABAJO EN EQUIPO,NOINFO,7.0,0.0,0.0,0.0,0.0,FAMILIARES,2,3,0,37,6,0
24,MUJER,CONTADURIA,18,13,2,4,5,1,5,5,5,4,1,4,CAMPO,TRABAJO EN EQUIPO,LIDERAZGO,TOMA DE DECISIONES,RAZONAMIENTO LOGICO Y SER SOCIABLE,NOINFO,9.0,7.0,7.0,7.0,8.0,PERSONAL,1,5,6,51,96,0
22,MUJER,INGENIERIA INDUSTRIAL,17,1,5,5,4,5,5,1,1,1,1,1,OFICINAS,PROACTIVIDAD,NOINFO,NOINFO,NOINFO,NOINFO,9.0,7.0,9.0,6.0,9.0,PERSONAL,0,69,5,2,1,0
24,HOMBRE,INGENIERIA EN COMPUTACION,16,0,5,5,5,5,1,1,4,1,4,4,CAMPO,INGENIO,ABSTRACTO,AUTODIDACTA,PACIENCIA,INGLES,10.0,10.0,9.0,8.0,9.0,PERSONAL,1,6,36,41,14,14
26,MUJER,INGENIERIA EN COMPUTACION,19,0,5,5,5,5,5,1,5,1,1,4,CAMPO,ANALISIS,RESPONSABILIDAD,SABER BUSCAR INFORMACION,TOLARANCIA,ATENCION AL DETALLE,9.0,10.0,8.0,9.0,10.0,PERSONAL,1,1,4,58,59,61
22,HOMBRE,INGENIERIA EN COMPUTACION,18,0,4,5,5,5,5,5,5,5,5,1,CAMPO,ESTUDIAR CONSTANTEMENTE,RESPONSABILIDAD,PREVENCION,COMPRENSION,NOINFO,2.0,3.0,3.0,4.0,4.0,PERSONAL,1,83,4,59,32,0
27,MUJER,INGENIERIA ELECTRICA ELECTRONICA,22,2,5,5,5,5,5,1,1,1,5,5,CAMPO,AGILIDAD MENTAL,IMAGINACION,TRABAJO BAJO PRESION,NOINFO,NOINFO,9.0,10.0,8.0,0.0,0.0,PERSONAL,1,48,14,96,1,0
22,HOMBRE,INGENIERIA CIVIL ,18,3,4,4,4,5,2,1,1,1,5,4,EXTRANJERO,CAPACIDAD DE ANALISIS,CREATIVIDAD,TRABAJO EN EQUIPO,INGENIO,LIDERAZGO,3.0,3.0,5.0,4.0,4.0,PERSONAL,2,40,1,7,42,4
26,MUJER,INGENIERIA EN COMPUTACION,18,0,5,4,5,1,1,5,5,1,5,5,CAMPO,PACIENCIA,DESTREZA,TOLERANCIA,RESPONSABILIDAD,NOINFO,2.0,3.0,2.0,2.0,3.0,PERSONAL,1,12,37,54,21,0
25,HOMBRE,CIENCIA POLITICA,19,25,5,5,5,5,2,1,1,1,1,2,OFICINAS,SINTESIS,ANALISIS,PENSAMIENTO PROSPECTIVO,CAPACIDAD EXPLICATIVA Y EXCELENTE REDADCCION,NOINFO,9.0,9.0,9.0,9.0,9.0,PERSONAL,0,32,12,106,106,0
23,HOMBRE,INGENIERIA EN COMPUTACION,18,0,4,4,5,5,5,3,3,4,4,4,CAMPO,LOGICA,CONSTANCIA,MEMORIA,PACIENCIA E INTUICION,NOINFO,9.0,8.0,7.0,6.0,8.0,PERSONAL,1,9,18,32,126,0
23,HOMBRE,INGENIERIA CIVIL,18,3,5,5,5,5,1,2,2,1,5,4,EXTRANJERO,DISENAR ESTRUCTURAS,NOINFO,NOINFO,NOINFO,NOINFO,8.0,7.0,8.0,8.0,9.0,PERSONAL,2,62,5,2,1,0
25,MUJER,DISENO Y COMUNICACION VISUAL,17,10,4,5,3,5,5,5,5,1,5,1,CAMPO,CREATIVIDAD,PACIENCIA,VISION,COGNITIVA,MOTRIZ,4.0,3.0,4.0,4.0,4.0,PERSONAL,1,4,8,22,99,90
26,HOMBRE,INGENIERIA ELECTRICA ELECTRONICA,18,2,2,2,5,5,5,5,5,5,5,5,CAMPO,RESPONSABILIDAD,LIDERAZGO,PACIENCIA,INTELIGENCIA,RAPIDEZ,2.0,3.0,3.0,3.0,2.0,PERSONAL,1,18,6,16,10,65
28,HOMBRE,INGENIERIA EN COMPUTACION,18,0,5,5,4,5,1,1,5,5,5,1,EXTRANJERO,TRABAJO EN EQUIPO,TRABAJO BAJO PRESION,ADAPTACION,COMUNICACION,DIRECCION DE EQUIPO,10.0,9.0,8.0,8.0,9.0,PERSONAL,2,5,7,67,13,98
22,MUJER,INGENIERIA MECATRONICA,18,5,2,4,4,2,5,1,1,1,4,3,OTROS,CREATIVIDAD, CONOCIMIENTOS DE DIVERSAS AREAS DE LA INGENIERIA,TRABAJO EN EQUIPO, TRABAJO INDIVIDUAL,LIDERAZGO,8.0,7.0,8.0,8.0,7.0,PERSONAL,3,4,3,7,111,4
22,MUJER,INGENIERIA INDUSTRIAL,18,1,5,5,5,5,5,5,5,4,4,5,CAMPO,OPTIMIZACION,PROCESOS,MATEMATICAS,INNOVACION,TECNOLOGIA,9.0,9.0,8.0,9.0,9.0,PERSONAL,1,59,38,17,23,78
22,HOMBRE,INGENIERIA MECANICA,18,7,5,5,5,1,5,5,5,1,1,1,EXTRANJERO,MATEMATICA,LOGICA,RESOLVER PROBLEMAS,ANALISIS ESPACIAL,NOINFO,9.0,9.0,9.0,8.0,9.0,PERSONAL,2,7,0,25,46,0
28,HOMBRE,INGENIERIA PETROLERA,19,4,4,2,2,1,1,5,5,1,5,4,EXTRANJERO,TRABAJO EN EQUIPO,TRABAJO BAJO PRESION,HABLAR EN PUBLICO,CAPACIDAD DE ANALISIS Y AUTODIDACTA,NOINFO,9.0,8.0,8.0,8.0,9.0,PERSONAL,2,5,7,104,11,0
20,MUJER,INGENIERIA EN COMPUTACION,18,0,4,4,5,5,1,1,2,1,4,4,CAMPO,LOGICA,IMAGINACION,CONSTANCIA,COMPRENSION DE LECTURA,PACIENCIA,7.0,10.0,9.0,9.0,8.0,PERSONAL,1,9,14,9,123,18
22,MUJER,INGENIERIA MECATRONICA,17,5,4,3,5,5,5,5,5,5,5,5,CAMPO,TRABAJO EN EQUIPO,ORGANIZACION,COMUNICACION,PLANEACION,PENSAMIENTO LOGICO,9.0,10.0,10.0,10.0,10.0,AMIGOS,1,5,22,40,35,30
24,HOMBRE,LIC INFORMATICA,20,37,4,5,5,5,5,1,1,5,5,5,CAMPO,MATEMATICA,NOINFO,NOINFO,NOINFO,NOINFO,6.0,6.0,8.0,7.0,9.0,PERSONAL,1,7,5,2,1,0
23,MUJER,INGENIERIA EN COMPUTACION,17,0,2,2,5,5,5,5,5,1,2,2,CAMPO,AUTODIDACTA,ACTITUD,RESPONSABLE,TRABAJAR EN EQUIPO,NOINFO,8.0,8.0,8.0,8.0,7.0,FAMILIARES,1,23,44,66,100,0
20,HOMBRE,INGENIERIA EN COMPUTACION,15,0,5,5,5,1,5,1,1,5,4,4,OFICINAS,CRITICO,LOGICA,CONSTANCIA,ESTUDIO,NOINFO,10.0,10.0,6.0,10.0,0.0,PERSONAL,0,38,0,9,27,0
23,HOMBRE,INGENIERIA EN COMPUTACION,18,0,4,5,5,5,5,3,3,4,4,5,CAMPO,MATEMATICAS,ACTITUD,PROGRAMACION,PLANEACION,IDIOMAS,8.0,9.0,9.0,10.0,10.0,PERSONAL,1,3,44,11,35,22
22,MUJER,GASTRONOMIA,17,29,5,5,5,1,5,5,5,4,1,1,OFICINAS,LIDERAZGO,RESPONSABILIDAD,CREATIVIDAD,DESTREZA,NOINFO,2.0,1.0,1.0,1.0,1.0,PERSONAL,0,2,4,4,16,0
24,HOMBRE,INGENIERIA EN COMPUTACION,18,0,4,5,5,4,5,5,5,4,5,4,CAMPO,LIDERAZGO,DEDICACIO,RESOLUCION DE PROBLEMA,ORDENADO,PACIENCIA,3.0,4.0,3.0,3.0,2.0,PERSONAL,1,2,91,118,108,18
21,HOMBRE,INGENIERIA EN COMPUTACION,16,0,4,5,4,4,5,5,4,4,5,3,CAMPO,TOLERANCIA,ENTENDIMIENTO,CREATIVIDAD,DETECCION,SOLUCIONAR,10.0,10.0,10.0,10.0,10.0,PERSONAL,1,35,50,4,81,86
36,HOMBRE,BIOLOGIA,17,21,5,5,5,1,4,1,1,1,1,1,OFICINAS,RESOLUCION DE PROBLEMAS, ADAPTABILIDAD,ANALITICO,TRABAJO EN EQUIPO,IDIOMAS,8.0,10.0,8.0,9.0,6.0,PERSONAL,0,24,90,34,6,22
22,HOMBRE,INGENIERIA EN COMPUTACION,15,0,5,5,5,5,5,5,5,5,5,5,OTROS,DOMINIO DEL IDIOMA INGLES,CERTIFICACIONES,MATEMATICAS,PROGRAMACION,HABILIDAD MATEMATICA,10.0,10.0,10.0,10.0,9.0,PERSONAL,3,19,92,17,2,17
22,MUJER,INGENIERIA EN COMPUTACION,18,0,4,5,2,5,2,1,1,1,5,5,CAMPO,RAZONAMIENTO MATEMATICO,ABSTRACCION,TRABAJAR BAJO PRESION,RESOLUCION DE PROBLEMAS,CREATIVIDAD E IMAGINACION,2.0,2.0,2.0,2.0,3.0,PERSONAL,1,0,39,29,4,41
23,HOMBRE,INGENIERIA EN COMPUTACION,18,0,5,5,5,5,1,4,4,5,4,4,CAMPO,COMPRENSION,RAZONAMIENTO,HABILIDADES COMUNICATIVAS,CREATIVIDAD,LIDERAZGO,8.0,9.0,10.0,8.0,10.0,PERSONAL,1,39,2,28,3,4
23,HOMBRE,INGENIERIA EN COMPUTACION,19,0,5,5,5,1,5,5,5,5,5,4,CAMPO,HABILIDAD MATEMATICA,RAZONAMIENTO,IMAGINACION,ANALISIS ESPACIAL,HABILIDAD MATEMATICA,9.0,9.0,9.0,9.0,9.0,PERSONAL,1,13,2,27,46,17
18,MUJER,ACTUARIA,15,16,5,5,5,5,4,5,5,2,5,2,CAMPO,HABILIDAD MATEMATICA,LOGICA,RELACIONES INTERPERSONALES,BUEN PROCESAMIENTO DE DATOS,HABILIDAD PARA RESOLVER PROBLEMAS,10.0,10.0,8.0,9.0,9.0,PERSONAL,1,13,0,90,47,23
22,HOMBRE,INGENIERIA EN COMPUTACION,18,0,4,4,4,1,1,1,1,1,2,2,CAMPO,PENSAMIENTO LOGICO,ANALITICO,PENSAMIENTO MATEMATICO,DEDICACION,NOINFO,9.0,8.0,8.0,7.0,6.0,PERSONAL,1,36,15,45,63,0
25,MUJER,TRABAJO SOCIAL,18,22,4,4,4,5,1,1,1,1,1,1,CAMPO,TRABAJO EN EQUIPO,RESOLVER PROBLEMAS,HABILIDADES COMUNICATIVAS,CREATIVIDAD,FLEXIBILIDAD,8.0,9.0,9.0,8.0,9.0,PERSONAL,1,5,34,28,3,89
21,MUJER,INGENIERIA EN COMPUTACION,18,0,4,2,5,5,5,1,1,1,5,4,CAMPO,AUTODIDACTA,RESOLUCION DE PROBLEMAS,ANALISIS DE SISTEMAS,PROGRAMACION,TRABAJO EN EQUIPO,7.0,8.0,7.0,8.0,7.0,PERSONAL,1,23,16,61,2,1
22,HOMBRE,INGENIERIA EN COMPUTACION,17,0,4,4,5,4,4,5,4,4,4,5,CAMPO,RESPONSABILIDAD,CONCENTRACION,TOLERANCIA,CREATIVIDAD,HABILIDAD PARA RESOLVER PROBLEMAS,8.0,9.0,10.0,8.0,10.0,PERSONAL,1,18,41,54,3,23
32,HOMBRE,INFORMATICA,30,17,4,4,4,1,4,3,4,4,1,1,CAMPO,RAZONAMIENTO,CREATIVIDAD,INGLES,DOCUMENTAR,ACTIVO,8.0,9.0,4.0,7.0,9.0,PERSONAL,1,28,1,42,78,92
22,HOMBRE,INGENIERIA EN COMPUTACION,16,0,5,5,5,5,5,5,5,5,5,5,CAMPO,PROGRAMACION,PLANIFICACION,ANALISIS DE SISTEMAS,HABILIDAD EN EL AMBITO MATEMATICO,CONOCIMIENTOS DE NORMAS,9.0,7.0,8.0,8.0,9.0,PERSONAL,1,16,20,61,107,42
23,HOMBRE,ECONOMIA,20,30,4,4,5,2,4,1,1,1,4,4,OFICINAS,MATEMATICAS,TEORIA,ANALISIS E INVESTIGACION,NOINFO,NOINFO,10.0,10.0,9.0,9.0,9.0,PERSONAL,0,3,65,43,1,0
21,HOMBRE,INGENIERIA EN COMPUTACION,18,0,5,5,5,5,3,5,4,4,5,3,CAMPO,AUTODIDACTA,LOGICA,APASIONADO,ASTUCIA,CREATIVIDAD,10.0,9.0,9.0,9.0,10.0,PERSONAL,1,23,0,92,92,7
22,HOMBRE,INGENIERIA EN COMPUTACION,17,0,4,5,5,5,4,5,5,5,5,5,CAMPO,CREATIVIDAD,ANALITICO,PERSEVERANTE,NOINFO,NOINFO,9.0,8.0,8.0,5.0,5.0,PERSONAL,1,4,15,63,1,0
21,HOMBRE,INGENIERIA EN COMPUTACION,17,0,5,5,5,1,4,1,4,1,5,4,OTROS,MATEMATICAS,SOCIALES,LOGICAS,DESTREZA,PACIENCIA,7.0,8.0,10.0,9.0,9.0,PERSONAL,3,3,95,87,16,18
22,MUJER,INGENIERIA EN COMPUTACION,14,0,4,4,5,1,4,4,5,5,4,3,CAMPO,CREATIVIDAD,DILIGENCIA,AUTODIDACTA,PROGRAMACION,MODELADO,3.0,3.0,3.0,2.0,3.0,PERSONAL,1,4,60,41,2,81
23,MUJER,INGENIERIA EN COMPUTACION,19,0,5,5,4,4,1,5,5,1,4,4,CAMPO,MATEMATICA,LOGICA,RAZONAMIENTO,SOLUCION DE PROBLEMAS,COMPRENSION,9.0,10.0,8.0,9.0,9.0,PERSONAL,1,7,0,18,101,36
23,HOMBRE,INGENIERIA EN COMPUTACION,18,0,2,2,4,5,5,5,5,5,2,1,CAMPO,DISCIPLINA,CREATIVIDAD,EMPATIA,LIDERAZGO,AUTODIDACTA,7.0,9.0,9.0,8.0,9.0,PERSONAL,1,11,1,14,8,12
21,MUJER,INGENIERIA EN COMPUTACION,17,0,5,5,5,1,1,1,1,1,5,4,CAMPO,CONSTANCIA,COMPRENDER,ANALIZAR,PACIENCIA,SER ESTRUCTURADO,9.0,10.0,10.0,9.0,10.0,PERSONAL,1,15,76,108,14,82
22,HOMBRE,INGENIERIA EN COMPUTACION,16,0,2,5,5,1,1,1,1,1,1,1,OTROS,DEDICACION,CONCENTRACION,PASION,ANALISIS,SENTIDO COMUN,8.0,5.0,9.0,10.0,9.0,FAMILIARES,3,10,41,33,28,70
23,HOMBRE,INGENIERIA MECANICA,19,7,4,4,5,3,4,4,5,4,4,4,OFICINAS,ANALITICO,DISCIPLINADO,TRABAJO EN EQUIPO,NOINFO,NOINFO,10.0,10.0,10.0,0.0,0.0,PERSONAL,0,17,79,7,1,0
53,HOMBRE,CONTADURIA,18,13,4,1,5,1,5,1,1,5,1,4,CAMPO,PACIENCIA,HONESTIDAD,DISCIPLINA,CONSTANCIA,DEDICACION,8.0,10.0,9.0,10.0,10.0,PERSONAL,1,12,89,10,15,2
22,HOMBRE,INGENIERIA MECANICA,17,7,2,4,5,4,2,1,1,1,4,4,CAMPO,PACIENCIA,RESILIENCIA,INTELIGENCIA,CREATIVIDAD,DEDICACION,9.0,9.0,8.0,9.0,6.0,PERSONAL,1,12,59,24,3,2
21,HOMBRE,INGENIERIA ELECTRICA ELECTRONICA,17,2,1,1,5,5,5,1,1,1,1,5,EXTRANJERO,LIDERAZGO,LOGICA,MATEMATICA,RAZONAMIENTO,ENTREGA,2.0,3.0,3.0,3.0,3.0,PERSONAL,2,2,0,26,9,58
21,MUJER,INGENIERIA EN COMPUTACION,16,0,4,5,5,1,3,5,5,1,1,2,CAMPO,PACIENCIA,CONTROL,RESPETO,EMPATIA,DEDICACION,10.0,7.0,10.0,3.0,10.0,PERSONAL,1,12,29,38,22,2
20,HOMBRE,INGENIERIA CIVIL,16,3,5,5,5,4,1,3,1,1,3,4,OTROS,LIDERAZGO,DECISION,COMPROMISO,NOINFO,NOINFO,7.0,7.0,6.0,0.0,0.0,PERSONAL,3,2,82,0,1,0
40,HOMBRE,SOCIOLOGIA,37,31,5,5,5,1,1,1,1,1,1,1,EXTRANJERO,ANALISIS,CRITICA,OBSERVACION,TEORIAS,EXPERIMENTACION,9.0,9.0,10.0,8.0,8.0,PERSONAL,2,1,98,74,66,69
24,MUJER,INGENIERIA EN COMPUTACION,19,0,2,2,2,1,1,1,1,1,2,2,OTROS,ANALISIS,TRABAJO EN EQUIPO,TRABAJO BAJO PRESION,HABILIDAD DE PROGRAMACION,RESOLVER CASOS EN UN TIEMPO ESTABLECIDO,8.0,10.0,10.0,7.0,8.0,PERSONAL,3,1,11,96,117,93
22,HOMBRE,INGENIERIA EN COMPUTACION,18,0,5,5,5,4,5,5,5,1,2,1,CAMPO,ANALISIS,RAZONAMIENTO,AUTOAPRENDIZAJE,PACIENCIA,ABSTRACCION,8.0,8.0,10.0,9.0,8.0,PERSONAL,1,1,2,109,14,21
22,MUJER,INGENIERIA PETROLERA,18,4,2,4,1,5,5,5,5,5,5,5,EXTRANJERO,ANALISIS,ACTITUD,CREATIVIDAD,TRABAJO EN EQUIPO,TOMA DE DESICIONES,10.0,10.0,8.0,10.0,10.0,PERSONAL,2,1,44,4,6,16
22,HOMBRE,INGENIERIA EN TELECOMUNICACIONES,18,9,5,4,5,1,1,5,5,1,1,4,CAMPO,ANALISIS,INTERPRETACION,ORGANIZACION,CONSTANCIA,NOINFO,8.0,9.0,9.0,10.0,0.0,PERSONAL,1,1,61,23,15,0
23,MUJER,ACTUARIA,15,16,5,5,5,5,5,1,1,1,1,1,CAMPO,ANALISIS,RESOLUCION DE PROBLEMAS,TRABAJO EN EQUIPO,PERSISTENCIA,NOINFO,9.0,8.0,10.0,10.0,0.0,PERSONAL,1,1,16,7,91,0
21,HOMBRE,INGENIERIA EN COMPUTACION,11,0,5,5,5,1,1,1,1,1,1,4,CAMPO,ANALISIS,TOMA DE DECISIONES,LOGICA,NOINFO,NOINFO,7.0,8.0,6.0,0.0,0.0,PERSONAL,1,1,31,12,1,0
20,MUJER,INGENIERIA EN TELECOMUNICACIONES,15,9,4,5,5,5,2,5,5,5,5,3,CAMPO,INGENIO,HABILIDAD NUMERICA,CREATIVIDAD,MEMORIA,RESPONSABILIDAD,8.0,8.0,9.0,8.0,10.0,PERSONAL,1,6,73,4,48,11
20,MUJER,INGENIERIA EN COMPUTACION,13,0,5,5,4,5,5,5,5,3,1,3,OTROS,CALCULO,FISICA,PROGRAMACION,ALGEBRA Y ESTRUCTURAS DE DATOS,NOINFO,9.0,10.0,9.0,9.0,9.0,PERSONAL,3,86,21,11,115,0
26,HOMBRE,INGENIERIA EN COMPUTACION,22,0,2,4,4,1,1,1,1,1,4,4,CAMPO,LOGICA,CREATIVIDAD,DISENO,PACIENCIA,RAZONAMIENTO,4.0,4.0,4.0,5.0,5.0,PERSONAL,1,9,1,20,14,6
22,HOMBRE,INGENIERIA EN COMPUTACION,18,0,5,5,5,4,4,5,5,5,1,1,OTROS,LOGICA,ACTITUD,RAZONAMIENTO,HABILIDAD MATEMATICA,INTELIGENCIA,9.0,9.0,8.0,10.0,9.0,PERSONAL,3,9,44,18,12,77
21,HOMBRE,INGENIERIA EN COMPUTACION,18,0,4,5,5,5,1,1,1,1,1,1,CAMPO,LOGICA,MATEMATICA,ALGORITMICA,ABSTRACCION,RAZONAMIENTO,2.0,2.0,2.0,2.0,2.0,PERSONAL,1,9,40,75,5,6
22,HOMBRE,INGENIERIA EN COMPUTACION,17,0,4,2,5,1,1,5,5,1,1,5,CAMPO,LOGICA,MATEMATICA,COMPANERISMO,ABSTRACCION,INTERPRETACION,3.0,3.0,3.0,3.0,3.0,PERSONAL,1,9,40,44,5,40
19,MUJER,INGENIERIA MECANICA,18,7,5,5,1,5,1,5,5,1,1,1,EXTRANJERO,NOINFO,NOINFO,NOINFO,NOINFO,NOINFO,0.0,0.0,0.0,0.0,0.0,PERSONAL,2,8,5,2,1,0
31,HOMBRE,ANTROPOLOGIA SOCIAL,22,11,5,4,5,1,1,1,1,1,1,1,EXTRANJERO,CAPACIDAD DE ANALISIS,TRABAJO EN EQUIPO,CREACION DE PROYECTOS,RESOLUCION DE PROBLEMAS,NOINFO,9.0,7.0,8.0,9.0,8.0,PERSONAL,2,40,11,115,4,0
25,HOMBRE,INGENIERIA ELECTRICA ELECTRONICA,18,2,4,4,2,5,5,2,4,5,4,4,CAMPO,COMUNICACION,PERSEVERANCIA,ORGANIZACION,TRABAJO BAJO PRESION,NOINFO,6.0,9.0,8.0,7.0,8.0,PERSONAL,1,29,81,23,19,0
23,MUJER,CIENCIAS DE LA COMUNICACION,18,23,2,2,2,5,5,5,5,5,1,1,OFICINAS,BUENA ORTOGRAFIA,ACTITUD,CAPACIDAD DE SINTESIS,RAPIDEZ MENTAL,HABILIDAD PARA RESOLVER PROBLEMAS,9.0,9.0,10.0,9.0,9.0,PERSONAL,0,26,44,55,57,23
24,MUJER,TRABAJO SOCIAL,17,22,4,5,1,1,1,1,1,1,1,1,EXTRANJERO,OBSERVACION,EMPATIA,COMPROMISO,ASERTIVIDAD,INTERES,10.0,10.0,10.0,9.0,10.0,PERSONAL,2,25,42,0,58,76
22,HOMBRE,ADMINISTRACION,17,12,1,1,5,1,5,5,5,5,5,5,CAMPO,PLANEACION,LIDERAZGO,CREATIVIDAD,COMUNICACION Y ORGANIZACION,NOINFO,9.0,9.0,9.0,9.0,9.0,PERSONAL,1,85,6,4,64,0
23,MUJER,DISENO Y COMUNICACION VISUAL,18,10,5,5,4,5,1,1,1,1,1,4,OFICINAS,DIBUJO,CREATIVIDAD,PACIENCIA,PRACTICA,DISCIPLINA,5.0,8.0,9.0,8.0,7.0,PERSONAL,0,45,1,16,30,9
24,MUJER,DISENO Y COMUNICACION VISUAL,13,10,5,5,5,1,1,1,1,1,1,2,OFICINAS,DIBUJO,CREATIVIDAD,CONCEPTUALIZACION,PRACTICA,NOINFO,9.0,8.0,9.0,9.0,7.0,PERSONAL,0,45,1,69,30,0
22,HOMBRE,INGENIERIA ELECTRICA ELECTRONICA,18,2,4,4,5,1,1,5,5,5,1,1,EXTRANJERO,INGENIO,INTELIGENCIA,RAZONAMIENTO,ANALISIS,PLANEACION,7.0,7.0,6.0,7.0,7.0,PERSONAL,2,6,93,18,28,28
18,MUJER,FISIOTERAPIA,17,24,4,5,5,1,5,1,5,5,1,1,OTROS,NOINFO,NOINFO,NOINFO,NOINFO,NOINFO,10.0,10.0,9.0,0.0,9.0,PERSONAL,3,8,5,2,1,0
22,HOMBRE,INGENIERIA EN COMPUTACION,17,0,5,5,4,5,1,1,1,1,4,3,CAMPO,CAPACIDAD DE ANALISIS,PENSAMIENTO LOGICO,RESOLUCION DE PROBLEMAS,CREATIVIDAD,TRABAJO BAJO PRESION,8.0,9.0,9.0,8.0,10.0,PERSONAL,1,40,46,1,3,37
22,HOMBRE,INGENIERIA EN TELECOMUNICACIONES,17,9,4,4,5,5,1,1,5,5,4,4,EXTRANJERO,CAPACIDAD DE ANALISIS,ABSTRACTO,CREATIVIDAD,PLANEACION,CAPACIDAD DE RESOLVER PROBLEMAS,9.0,9.0,9.0,8.0,9.0,PERSONAL,2,40,36,4,35,91
22,MUJER,QFB,17,26,4,5,5,5,3,1,1,1,1,1,OFICINAS,ANALITICO,DEDICACION,PENSAMIENTO CRITICO,HABILIDAD MATEMATICA,CREATIVIDAD,10.0,7.0,9.0,8.0,8.0,PERSONAL,0,17,23,8,12,7
22,HOMBRE,ING.MATEMATICA,17,20,5,5,5,2,5,1,1,1,4,5,CAMPO,MANEJO DE INFORMACION,ANALISIS,CRITERIO,SABER TOMAR DECISIONES,PENSAMIENTO LOGICO,8.0,8.0,9.0,9.0,8.0,PERSONAL,1,55,12,19,109,30
35,MUJER,MEDICINA,18,8,5,5,1,1,1,1,1,1,1,1,OFICINAS,CAPACIDAD DE ANALISIS,TOLERANCIA A LA FRUSTRACION,EMPATIA,NOINFO,NOINFO,10.0,8.0,10.0,0.0,0.0,PERSONAL,0,40,74,14,1,0
23,HOMBRE,INGENIERIA EN COMPUTACION,18,0,5,5,5,4,5,2,4,1,5,5,CAMPO,RESPONSABILIDAD,TOMA DE DECISIONES,PENSAMIENTO ABSTRACTO,VISION DEL ENTORNO,NOINFO,9.0,9.0,8.0,9.0,1.0,PERSONAL,1,18,31,114,98,0
38,HOMBRE,INGENIERIA EN COMPUTACION,20,0,3,4,4,2,3,4,4,3,3,2,CAMPO,MANEJO DE INFORMACION,PROGRAMACION,TRABAJO BAJO PRESION,TRABAJO EN EQUIPO Y CONSTANTE ACTUALIZACION DE CONOCIMIENTOS,NOINFO,3.0,3.0,3.0,4.0,3.0,PERSONAL,1,55,10,96,122,0
22,HOMBRE,DERECHO,19,18,5,5,4,4,5,4,4,3,2,4,CAMPO,CONOCIMIENTO,RESPONSABILIDAD,PERSISTENCIA,CAPACIDAD DE ANALISIS Y AUTODIDACTA,TENACIDAD,8.0,8.0,8.0,10.0,9.0,PERSONAL,1,82,4,95,11,46
22,HOMBRE,INGENIERIA EN COMPUTACION,18,0,5,5,5,5,5,5,5,5,5,5,CAMPO,RAZONAMIENTO,PENSAR,CREAR,ANALIZAR,IMPLEMENTAR,9.0,10.0,9.0,9.0,10.0,PERSONAL,1,28,32,73,43,59
22,HOMBRE,INGENIERIA EN COMPUTACION,17,0,5,5,5,5,5,2,1,2,4,5,CAMPO,ABSTRACCION,NOINFO,NOINFO,NOINFO,NOINFO,8.0,8.0,10.0,10.0,10.0,PERSONAL,1,20,5,2,1,0
23,HOMBRE,INGENIERIA EN TELECOMUNICACIONES,17,9,4,4,4,1,1,4,1,1,1,4,EXTRANJERO,PROGRAMACION,TRABAJO BAJO PRESION,COMUNICACION,TRABAJO EN EQUIPO,RESOLUCION DE PROBLEMAS,6.0,9.0,8.0,9.0,9.0,PERSONAL,2,16,7,40,6,19
23,HOMBRE,INGENIERIA EN COMPUTACION,12,0,5,5,5,3,2,5,5,1,5,2,CAMPO,RAZONAMIENTO,LOGICA,CREATIVIDAD,APRENDIZAJE,APTITUD NUMERICA,7.0,8.0,4.0,9.0,8.0,PERSONAL,1,28,0,4,89,84
22,HOMBRE,INGENIERIA EN COMPUTACION,18,0,4,5,5,5,5,1,5,1,1,1,CAMPO,MATEMATICAS,RAZONAMIENTO,LIDERAZGO,TRABAJO EN EQUIPO,NOINFO,8.0,8.0,9.0,9.0,1.0,PERSONAL,1,3,2,15,6,0
22,MUJER,INGENIERIA QUIMICA,18,32,2,2,2,5,4,5,4,3,5,4,OTROS,MATEMATICAS,IMAGINACION,ABSTRACCION,NOINFO,NOINFO,5.0,7.0,7.0,0.0,0.0,PERSONAL,3,3,14,49,1,0
22,HOMBRE,MATEMATICAS APLICADAS,20,27,5,5,5,4,5,1,1,1,5,5,CAMPO,MATEMATICA,NOINFO,NOINFO,NOINFO,NOINFO,10.0,10.0,10.0,10.0,10.0,PERSONAL,1,7,5,2,1,0
22,MUJER,INGENIERIA EN COMPUTACION,17,0,5,5,4,5,3,5,5,1,4,3,CAMPO,DEDICACION,CREATIVIDAD,ANALISIS,PECIENCIA,DETERMINACION,9.0,9.0,9.0,8.0,9.0,PERSONAL,1,10,1,3,51,26
23,MUJER,DERECHO,17,18,4,2,5,5,5,5,5,5,5,2,CAMPO,BUENA ORTOGRAFIA,METODOLOGIA,EXPRESION,SOCIABLE Y RESPETO,NOINFO,10.0,10.0,10.0,10.0,10.0,FAMILIARES,1,26,70,35,110,0
20,HOMBRE,INGENIERIA MECATRONICA,12,5,5,5,4,1,2,1,5,2,1,2,OFICINAS,DEDICACION,FACILIDAD PARA LAS MATEMATICAS,PENSAMIENTO FLEXIBLE,PROGRAMACION,RESOLUCION DE PROBLEMAS,7.0,8.0,9.0,9.0,8.0,PERSONAL,0,10,72,117,2,19
22,MUJER,INGENIERIA INDUSTRIAL,18,1,4,4,5,1,1,1,4,1,5,5,CAMPO,LIDERAZGO,ORGANIZACION,CREATIVIDAD,TRATO CON PERSONAS,IDIOMAS,7.0,8.0,9.0,10.0,10.0,PERSONAL,1,2,22,4,105,22
23,HOMBRE,INGENIERIA MECATRONICA,18,5,2,3,5,5,5,3,5,5,5,5,CAMPO,ANALITICA,NOINFO,NOINFO,NOINFO,NOINFO,10.0,0.0,0.0,0.0,0.0,PERSONAL,1,43,5,2,1,0
23,HOMBRE,INGENIERIA EN COMPUTACION,17,0,2,5,5,1,2,5,1,1,2,5,CAMPO,PACIENCIA,DEDICACION,LOGICA,CAPACIDAD DE ANALISIS Y AUTODIDACTA,NOINFO,10.0,10.0,10.0,10.0,10.0,PERSONAL,1,12,23,12,11,0
33,HOMBRE,MEDICINA,17,8,4,5,1,1,1,1,1,1,1,1,EXTRANJERO,LIDERAZGO,COMUNICACION,EMPATIA,DOCENCIA,DESTREZAS MANUALES PARA PROCEDIMIENTOS ESPECIFICOS,9.0,8.0,9.0,9.0,10.0,PERSONAL,2,2,86,14,40,99
24,HOMBRE,INGENIERIA EN COMPUTACION,15,0,4,4,5,1,1,5,5,1,5,1,EXTRANJERO,PROACTIVO,ANALITICO,TOLERANTE,AUTODIDACTA,ABSTRACCION,10.0,10.0,8.0,10.0,10.0,PERSONAL,2,27,15,100,45,21
23,HOMBRE,INGENIERIA INDUSTRIAL,18,1,5,5,5,2,4,1,1,2,3,3,OFICINAS,ANALISIS,CREATIVIDAD,LIDERAZGO,COMPROMISO,NOINFO,9.0,10.0,8.0,10.0,0.0,PERSONAL,0,1,1,15,73,0
21,HOMBRE,INGENIERIA ELECTRICA ELECTRONICA,18,2,5,5,5,1,1,1,1,5,4,4,EXTRANJERO,ANALISIS,ACTITUD,CREATIVIDAD,ABSTRACCION,INTUICION,7.0,5.0,8.0,9.0,9.0,PERSONAL,2,1,44,4,5,52
22,HOMBRE,INGENIERIA ELECTRICA ELECTRONICA,17,2,5,5,4,3,4,1,1,1,1,2,EXTRANJERO,DESTREZA,INGENIO,DISCIPLINA,CONSTANCIA,RESPONSABILIDAD,8.0,9.0,9.0,9.0,8.0,PERSONAL,2,34,25,10,15,11
24,HOMBRE,INGENIERIA EN COMPUTACION,16,0,5,5,5,1,1,1,1,3,4,4,CAMPO,ANALISIS,PRECISION,MATEMATICA,LOGICA,CREATIVIDAD,9.0,8.0,10.0,10.0,9.0,PERSONAL,1,1,94,26,7,7
22,MUJER,MEDICINA,18,8,5,5,1,5,3,5,5,3,3,1,EXTRANJERO,MEMORIA,EMPATIA,COMPRENSION,PERSEVERANCIA,DEDICACION,7.0,9.0,8.0,10.0,8.0,PERSONAL,2,54,42,30,18,2
26,HOMBRE,INGENIERIA EN COMPUTACION,18,0,4,4,5,1,1,1,5,1,2,4,CAMPO,DOMINIO DEL IDIOMA INGLES,ANALITICO,PENSAMIENTO LOGICO,PROGRAMACION,EXPRESION,7.0,7.0,8.0,7.0,8.0,PERSONAL,1,19,15,36,2,39
28,HOMBRE,INGENIERIA EN COMPUTACION,15,0,5,5,2,4,1,1,1,2,1,2,CAMPO,LOGICA,ATENCION A DETALLES,MANEJO DE CONCEPTOS ABSTRACTOS,RESOLUCION DE PROBLEMAS,NOINFO,10.0,10.0,10.0,10.0,10.0,PERSONAL,1,9,71,110,4,0
18,HOMBRE,INGENIERIA PETROLERA,17,4,5,5,5,5,5,5,4,5,4,5,CAMPO,MATE,TRABAJO EN EQUIPO,RESOLVER PROBLEMAS,NEGOCIOS,HABLAR EN PUBLICO,8.0,9.0,8.0,8.0,9.0,PERSONAL,1,67,11,25,74,48
20,HOMBRE,INGENIERIA CIVIL ,17,3,4,4,5,5,5,5,5,5,5,5,CAMPO,NOINFO,NOINFO,NOINFO,NOINFO,NOINFO,9.0,6.0,7.0,0.0,0.0,PERSONAL,1,8,5,2,1,0
21,HOMBRE,INGENIERIA MECANICA,17,7,2,4,5,1,4,5,1,2,4,4,EXTRANJERO,NOINFO,NOINFO,NOINFO,NOINFO,NOINFO,0.0,0.0,0.0,0.0,0.0,PERSONAL,2,8,5,2,1,0
22,HOMBRE,INGENIERIA EN TELECOMUNICACIONES,18,9,5,5,4,5,2,1,1,1,5,4,CAMPO,RESPONSABILIDAD,LIDERAZGO,NOINFO,NOINFO,NOINFO,4.0,3.0,0.0,0.0,0.0,PERSONAL,1,18,6,2,1,0
26,MUJER,INGENIERIA PETROLERA,18,4,5,4,5,5,5,2,5,5,5,5,EXTRANJERO,DISPOSICION,TIEMPO,NOINFO,NOINFO,NOINFO,8.0,8.0,0.0,0.0,0.0,PERSONAL,2,89,58,2,1,0
25,MUJER,ARQUITECTURA,20,15,5,5,5,1,5,1,5,1,5,1,EXTRANJERO,CREATIVIDAD,ACTITUD,DESTREZA,CALCULO,NOINFO,7.0,9.0,8.0,7.0,7.0,PERSONAL,2,4,44,65,55,0
23,HOMBRE,INGENIERIA EN COMPUTACION,19,0,4,4,4,2,2,1,2,1,4,4,CAMPO,ABSTRACCION,RESPONSABILIDAD,ANALISIS,ADMINISTRACION,NOINFO,8.0,8.0,8.0,8.0,8.0,PERSONAL,1,20,4,3,26,0
22,MUJER,GEOLOGICA,17,39,5,4,5,5,5,5,5,1,4,1,OFICINAS,OBSERVACION,PACIENCIA,DISCIPLINA,CONDICION FISICA,FACILIDAD DE PALABRA,8.0,7.0,7.0,6.0,7.0,PERSONAL,0,25,8,10,24,100
21,MUJER,INGENIERIA INDUSTRIAL,17,1,4,5,2,1,1,1,2,1,5,5,EXTRANJERO,RESOLUCION DE PROBLEMAS,NOINFO,NOINFO,NOINFO,NOINFO,3.0,3.0,3.0,3.0,3.0,PERSONAL,2,24,5,2,1,0
21,HOMBRE,INGENIERIA ELECTRICA ELECTRONICA,17,2,4,4,4,4,1,1,4,3,3,1,OFICINAS,CONSTANCIA,HABILIDAD MATEMATICA,VISION,PROGRAMACION,FISICA,5.0,6.0,8.0,7.0,6.0,PERSONAL,0,15,9,22,2,32
25,MUJER,INGENIERIA INDUSTRIAL,18,1,4,4,5,4,4,5,4,4,4,4,CAMPO,ACTITUD,ACTITUD,LIDERAR,ANALIZAR,REDACCION,10.0,10.0,10.0,10.0,10.0,FAMILIARES,1,77,44,53,43,27
24,HOMBRE,INGENIERIA CIVIL,16,3,5,4,5,5,1,5,4,1,5,5,EXTRANJERO,RAZONAR,PENSAR,IMAGINAR,CALCULAR,CREATIVIDAD,10.0,10.0,10.0,10.0,10.0,PERSONAL,2,58,32,80,86,7
22,MUJER,ARQUITECTURA,18,15,4,5,5,1,1,5,5,5,5,5,OFICINAS,DISENO,ACTITUD,FACTIBILIDAD DE IDEAS,TRABAJO EN EQUIPO Y ORGANIZACION DE TIEMPOS,NOINFO,9.0,10.0,9.0,10.0,9.0,PERSONAL,0,30,44,112,119,0
22,MUJER,INGENIERIA ELECTRICA ELECTRONICA,18,2,2,3,4,5,1,5,5,5,5,5,EXTRANJERO,LOGICA,ANALISIS,PENSAMIENTO CRITICO,FACILIDAD DE COMUNICACION,CAPACIDAD DE RESOLVER PROBLEMAS,8.0,8.0,10.0,10.0,9.0,PERSONAL,2,9,12,8,124,91
25,HOMBRE,MEDICINA,17,8,4,4,2,1,1,5,5,1,5,1,OFICINAS,EMPATIA,DESTREZA,MEMORIA,SOPORTE FISICO,COMPRENSION,10.0,8.0,7.0,8.0,9.0,PERSONAL,0,57,37,32,79,36
20,HOMBRE,INGENIERIA CIVIL,17,3,5,4,4,2,5,3,4,1,2,2,CAMPO,PACIENCIA,CREATIVIDAD,DOMINIO CONOCIMINETOS,ORDEN,EFICIENCIA,9.0,8.0,8.0,8.0,9.0,PERSONAL,1,12,1,71,61,24
21,HOMBRE,CONTADURIA,18,13,5,4,1,1,1,1,1,1,1,1,CAMPO,HABILIDAD MATEMATICA,DINAMICO,DISCIPLINADO,TOMA DE DECISIONES,RAZONAMIENTO,8.0,8.0,7.0,9.0,8.0,PERSONAL,1,13,77,57,62,6
22,HOMBRE,INGENIERIA EN COMPUTACION,17,0,5,5,4,2,5,5,5,5,5,5,CAMPO,COMUNICACION,ANALISIS,CREATIVIDAD,SOLUCION DE PROBLEMAS,TRABAJO EN EQUIPO,5.0,9.0,7.0,9.0,5.0,PERSONAL,1,29,12,4,101,1
27,MUJER,ADMINISTRACION,24,12,5,5,5,1,5,1,1,1,1,1,OFICINAS,ANALISIS,TRABAJO EN EQUIPO,ADMON DEL TIEMPO,NOINFO,NOINFO,10.0,7.0,8.0,0.0,0.0,PERSONAL,0,1,11,103,1,0
28,HOMBRE,INGENIERIA PETROLERA,20,4,5,5,5,5,5,4,5,4,4,4,EXTRANJERO,NOINFO,NOINFO,NOINFO,NOINFO,NOINFO,0.0,0.0,0.0,0.0,0.0,NOINFO,2,8,5,2,1,0
21,HOMBRE,INGENIERIA EN COMPUTACION,17,0,4,4,1,1,1,5,5,1,1,1,CAMPO,NOINFO,NOINFO,NOINFO,NOINFO,NOINFO,0.0,0.0,0.0,0.0,0.0,PERSONAL,1,8,5,2,1,0
22,HOMBRE,INGENIERIA EN COMPUTACION,16,0,5,5,5,2,5,3,5,5,5,5,CAMPO,NOINFO,NOINFO,NOINFO,NOINFO,NOINFO,10.0,10.0,10.0,10.0,10.0,PERSONAL,1,8,5,2,1,0
22,MUJER,MEDICINA VETERINARIA,6,36,5,5,4,3,1,1,3,3,3,3,EXTRANJERO,NOINFO,NOINFO,NOINFO,NOINFO,NOINFO,0.0,0.0,4.0,0.0,0.0,PERSONAL,2,8,5,2,1,0
22,HOMBRE,INGENIERIA EN COMPUTACION,17,0,4,2,2,1,1,1,5,5,2,1,CAMPO,MATEMATICAS,RESPONSABILIDAD,CONFIANZA,RAZONAMIENTO,ANALISIS,8.0,7.0,9.0,8.0,6.0,FAMILIARES,1,3,4,46,9,5
23,HOMBRE,INGENIERIA EN COMPUTACION,19,0,4,4,4,2,5,1,2,1,4,4,OTROS,ABSTRACCION,RESPONSABILIDAD,ANALISIS,LIDERAZGO,INVESTIGACION,7.0,9.0,8.0,9.0,8.0,PERSONAL,3,20,4,3,8,13
22,HOMBRE,INGENIERIA PETROLERA,19,4,3,3,2,1,1,1,4,1,2,3,EXTRANJERO,MATEMATICAS,GEOMETRIA,ANALISIS,RAZONAMIENTO,FISICA,8.0,7.0,9.0,9.0,8.0,PERSONAL,2,3,87,3,9,32
22,MUJER,INGENIERIA MECANICA,17,7,5,5,5,4,3,2,3,1,2,4,OTROS,PENSAMIENTO LOGICO,ACTITUD,RAPIDEZ,PRECISION,INNOVACION,7.0,8.0,7.0,8.0,7.0,PERSONAL,3,36,44,13,82,79
22,HOMBRE,INGENIERIA EN COMPUTACION,18,0,5,4,1,1,1,1,1,1,1,1,OTROS,LOGICA,MATEMATICAS,RESOLUCION DE PROBLEMAS,PROGRAMACION,ANALISIS,8.0,8.0,9.0,8.0,9.0,PERSONAL,3,9,26,1,2,5
21,HOMBRE,INGENIERIA EN COMPUTACION,17,0,4,4,2,2,5,5,5,2,4,4,CAMPO,CONSTANCIA,RESPONSABILIDAD,ADAPTACION,PLANIFICACION,INICIATIVA,8.0,7.0,8.0,7.0,6.0,PERSONAL,1,15,4,67,34,71
21,HOMBRE,INGENIERIA PETROLERA,17,4,3,2,4,5,5,5,5,1,4,5,EXTRANJERO,INGENIO,INNOVACION,DEDICACION,SOCIABILIDAD,DISCIPLINA,7.0,6.0,8.0,8.0,9.0,PERSONAL,2,6,27,6,60,9
22,HOMBRE,INGENIERIA EN COMPUTACION,18,0,5,5,4,1,1,1,1,1,1,1,CAMPO,RESOLVER PROBLEMAS,RAZONAMIENTO,ANALISIS,CREATIVIDAD,ORGANIZACION,10.0,10.0,9.0,9.0,8.0,PERSONAL,1,14,2,3,3,8
22,HOMBRE,INGENIERIA PETROLERA,19,4,4,4,2,5,1,1,5,2,4,5,OTROS,MATEMATICAS,PREDECIR EVENTOS,RESOLUCION DE PROBLEMAS,TRABAJO BAJO PRESION,LIDERAZGO,8.0,7.0,10.0,9.0,10.0,PERSONAL,3,3,80,1,19,4
21,HOMBRE,INGENIERIA EN COMPUTACION,15,0,2,4,2,1,1,1,1,5,5,1,CAMPO,CONSTANCIA,DISCIPLINA,PASION,DESTREZA,VISION,10.0,8.0,8.0,8.0,9.0,PERSONAL,1,15,13,33,16,29
22,MUJER,INGENIERIA CIVIL,18,3,5,5,5,1,5,5,5,5,1,1,EXTRANJERO,MATEMATICAS,CREATIVIDAD,RESOLUCION DE PROBLEMAS,ABSTRACCION,CONSTANCIA,7.0,9.0,8.0,8.0,7.0,PERSONAL,2,3,1,1,5,10
22,HOMBRE,INGENIERIA EN COMPUTACION,18,0,5,4,5,2,3,2,1,3,1,2,OTROS,MATEMATICAS,LOGICA,ANALISIS,RESOLUCION DE PROBLEMAS,CONSTANCIA,9.0,9.0,9.0,9.0,10.0,PERSONAL,3,3,0,3,4,10
23,HOMBRE,INGENIERIA ELECTRICA ELECTRONICA,19,2,5,5,4,2,4,1,1,2,4,1,OFICINAS,PACIENCIA,OBSERVADOR,INGENIOSO,INVESTIGADOR,CREATIVIDAD,9.0,9.0,9.0,9.0,10.0,PERSONAL,0,12,47,89,102,7
22,MUJER,INGENIERIA CIVIL,17,3,5,5,4,5,3,2,1,2,1,1,CAMPO,ESPACIAL,VERBAL,MATEMATICAS,SOCIAL,FINANCIERA,8.0,8.0,9.0,8.0,9.0,PERSONAL,1,65,88,17,49,54
21,HOMBRE,INGENIERIA EN COMPUTACION,17,0,5,5,3,2,5,1,1,1,4,2,OTROS,ANALISIS,SINTESIS,CREATIVIDAD,ABSTRACCION,INVESTIGACION,7.0,8.0,6.0,9.0,7.0,PERSONAL,3,1,78,4,5,13
22,HOMBRE,INGENIERIA EN COMPUTACION,17,0,4,4,5,5,1,2,4,1,4,4,CAMPO,AUTODIDACTA,CREATIVIDAD,PACIENCIA,TRABAJO EN EQUIPO,DISCIPLINA,8.0,7.0,8.0,6.0,6.0,PERSONAL,1,23,1,16,6,9
22,MUJER,INGENIERIA EN TELECOMUNICACIONES,17,9,5,5,2,4,3,3,5,2,4,5,OFICINAS,ELECTRONICA,ACTITUD,DISENO Y MANTENIMIENTO DE ENLACES,MATEMATICAS,REDES DE DATOS,8.0,9.0,9.0,10.0,8.0,PERSONAL,0,78,44,113,103,96
22,HOMBRE,INGENIERIA EN COMPUTACION,15,0,4,4,2,5,1,1,2,1,5,2,OTROS,AUTODIDACTA,ABSTRACCION,RESOLUCION DE PROBLEMAS,CREATIVIDAD,TOMA DE DECISIONES,10.0,9.0,10.0,8.0,9.0,PERSONAL,3,23,39,1,3,95
22,HOMBRE,INGENIERIA EN COMPUTACION,17,0,4,4,5,5,4,5,5,2,2,3,OFICINAS,PENSAMIENTO LOGICO,MATEMATICAS,ANALISIS,CREATIVIDAD,CONSTANCIA,8.0,8.0,8.0,8.0,7.0,PERSONAL,0,36,26,3,3,10
22,HOMBRE,INGENIERIA EN TELECOMUNICACIONES,18,9,4,4,2,2,1,4,1,2,4,2,EXTRANJERO,MATEMATICAS,CREATIVIDAD,CRITERIO,ABSTRACCION,ASERTIVIDAD,9.0,8.0,8.0,9.0,8.0,PERSONAL,2,3,1,19,5,63
23,HOMBRE,INGENIERIA MECATRONICA,17,5,2,5,2,4,1,5,5,1,4,1,OTROS,DEDICACION,RESOLUCION DE PROBLEMAS,ORGANIZACION,TRABAJO EN EQUIPO,TOMA DE DECISIONES,8.0,8.0,7.0,10.0,9.0,PERSONAL,3,10,16,23,6,95
19,MUJER,INGENIERIA MECANICA,18,7,5,1,1,5,1,1,1,1,1,1,OTROS,RESOLUCION DE PROBLEMAS,RESPONSABILIDAD,PLANIFICACION,RESOLUCION DE PROBLEMAS,ORGANIZACION,9.0,10.0,7.0,9.0,10.0,PERSONAL,3,24,4,39,4,8
26,HOMBRE,INGENIERIA MECANICA,18,7,1,1,1,1,1,5,1,1,1,1,EXTRANJERO,ADAPTACION,ORGANIZACION,DISCIPLINA,CONSTANCIA,PLANIFICACION,8.0,8.0,8.0,6.0,7.0,FAMILIARES,2,21,22,10,15,94
22,HOMBRE,INGENIERIA EN COMPUTACION,18,0,1,1,1,1,1,5,1,1,1,1,CAMPO,CONSTANCIA,INICIATIVA,ANALISIS,RESOLUCION DE PROBLEMAS,TRABAJO BAJO PRESION,10.0,9.0,7.0,10.0,8.0,PERSONAL,1,15,100,3,4,37
19,MUJER,INGENIERIA EN COMPUTACION,15,0,5,5,3,5,1,1,1,1,1,3,CAMPO,MATEMATICAS,ORGANIZACION,DEDICACION,TRABAJO EN EQUIPO,DISCIPLINA,8.0,9.0,9.0,7.0,9.0,PERSONAL,1,3,22,6,6,9
24,MUJER,INGENIERIA PETROLERA,18,4,5,3,5,5,1,5,5,1,5,5,EXTRANJERO,IDIOMAS,PROGRAMACION,MATEMATICAS,TRABAJO EN EQUIPO,ANALISIS,3.0,9.0,9.0,6.0,6.0,PERSONAL,2,51,10,17,6,5
18,HOMBRE,INGENIERIA EN COMPUTACION,17,0,5,5,5,5,1,5,5,1,3,5,OTROS,PROGRAMACION,CONSTANCIA,DISCIPLINA,PLANIFICACION,RESOLUCION DE PROBLEMAS,8.0,7.0,9.0,7.0,9.0,PERSONAL,3,16,18,10,34,19
22,HOMBRE,INGENIERIA BIOMEDICA,19,33,5,5,3,1,1,1,1,1,1,1,OFICINAS,IDIOMAS,CREATIVIDAD,EMPATIA,ETICA,AUTODIDACTA,4.0,8.0,9.0,9.0,7.0,PERSONAL,0,51,1,14,113,12
22,MUJER,INGENIERIA EN COMPUTACION,18,0,4,4,5,1,1,1,1,1,3,5,CAMPO,RESOLUCION DE PROBLEMAS,DEDICACION,MATEMATICAS,COMUNICACION Y ORGANIZACION,TOMA DE DESICIONES,9.0,7.0,7.0,9.0,10.0,PERSONAL,1,24,23,17,64,16
22,HOMBRE,INGENIERIA EN TELECOMUNICACIONES,19,9,3,1,5,5,1,1,1,1,4,1,EXTRANJERO,DISCIPLINA,CONSTANCIA,RESOLUCION DE PROBLEMAS,DEDICACION,ANALISIS,7.0,8.0,10.0,8.0,3.0,PERSONAL,2,11,18,1,63,5
18,HOMBRE,INGENIERIA PETROLERA,17,4,5,5,5,5,5,5,4,5,4,5,OFICINAS,MATEMATICAS,TRABAJO EN EQUIPO,RESOLUCION DE PROBLEMAS,NEGOCIAR,HABLAR EN PUBLICO,8.0,9.0,9.0,8.0,9.0,PERSONAL,0,3,11,1,68,48
20,HOMBRE,INGENIERIA CIVIL,18,3,5,5,4,2,5,4,5,5,2,4,OFICINAS,CREATIVIDAD,RESPONSABILIDAD,CONSTANCIA,INGLES,PROGRAMACION,8.0,8.0,7.0,4.0,4.0,PERSONAL,0,4,4,9,25,57
22,HOMBRE,INGENIERIA GEOMATICA,17,35,3,4,2,1,1,1,5,1,1,4,EXTRANJERO,SOFTWARE,ACTITUD,HIDRAULICA,E TOTAL,ESTADISITCA,8.0,6.0,7.0,10.0,8.0,PERSONAL,2,41,44,86,69,80
21,MUJER,INGENIERIA EN COMPUTACION,16,0,4,5,5,1,3,5,5,1,1,2,CAMPO,PACIENCIA,CONTROL,RESPETO,EMPATIA,DEDICACION,10.0,7.0,10.0,3.0,10.0,PERSONAL,1,12,29,38,22,2
22,MUJER,INGENIERIA EN COMPUTACION,17,0,5,5,4,5,3,5,5,1,4,3,CAMPO,ANALISIS,CREATIVIDAD,DEDICACION,PACIENCIA,DETERMINACION,9.0,9.0,9.0,8.0,9.0,PERSONAL,1,1,1,6,14,26
18,MUJER,INGENIERIA EN COMPUTACION,16,0,5,5,4,5,5,5,5,1,4,4,OTROS,ANALISIS,IMAGINACION,RESOLUCION DE PROBLEMAS,INNOVACION,CREATIVIDAD,9.0,8.0,9.0,8.0,9.0,PERSONAL,3,1,14,1,23,7
19,HOMBRE,INGENIERIA INDUSTRIAL,18,1,4,4,2,1,5,1,1,2,2,5,OFICINAS,LIDERAZGO,INNOVACION,ESTRATEGIA,RAZONAMIENTO,ADAPTACION,7.0,10.0,8.0,10.0,10.0,PERSONAL,0,2,27,85,9,73
21,HOMBRE,INGENIERIA MECANICA,18,7,5,5,5,5,5,5,1,1,4,5,OTROS,CREATIVIDAD,INGENIO,RAZONAMIENTO,ADAPTACION,NEGOCIAR,9.0,9.0,8.0,8.0,8.0,FAMILIARES,3,4,25,18,50,53
21,HOMBRE,INGENIERIA ELECTRICA ELECTRONICA,17,2,4,4,4,4,1,1,4,3,3,1,OFICINAS,CONSTANCIA,MATEMATICAS,VISION,PROGRAMACION,FISICA,5.0,6.0,8.0,7.0,6.0,PERSONAL,0,15,26,22,2,32
22,MUJER,INGENIERIA EN TELECOMUNICACIONES,17,9,4,4,4,1,1,1,2,4,4,4,EXTRANJERO,RAZONAMIENTO MATEMATICO,LOGICA,TRABAJO EN EQUIPO,CREATIVIDAD,AUTODIDACTA,8.0,8.0,4.0,8.0,8.0,PERSONAL,2,0,0,7,3,12
21,HOMBRE,INGENIERIA EN COMPUTACION,17,0,4,4,3,3,1,3,1,1,3,4,CAMPO,RAZONAMIENTO,INGENIO,ADAPTABILIDAD,INNOVACION,RESILENCIA,8.0,8.0,8.0,8.0,10.0,PERSONAL,1,28,25,82,23,60
21,HOMBRE,INGENIERIA EN COMPUTACION,13,0,5,5,5,1,1,1,1,1,5,5,CAMPO,CONSTANCIA,EXTROVERTIDO,COMPROMISO,SEGURIDAD,EMPATIA,8.0,7.0,9.0,8.0,10.0,PERSONAL,1,15,30,0,84,35
21,MUJER,INGENIERIA EN COMPUTACION,18,0,3,2,4,5,1,1,1,1,4,3,OTROS,CRITICO,RAZOMANIENTO LOGICO,RAZONAMEINTO MATEMATICO,INTELIGENCIA EMOCIONAL,INVESTIGACION,8.0,6.0,5.0,5.0,9.0,PERSONAL,3,38,33,31,125,13
24,HOMBRE,INGENIERIA MECATRONICA,18,5,4,4,3,4,2,5,5,3,1,4,OFICINAS,TRABAJAR BAJO PRESION,CONSTACIA,ORGANIZACION,HABILIDAD MATEMATICA,RESPONSABILIDAD,7.0,6.0,7.0,8.0,9.0,PERSONAL,0,47,45,23,12,11
24,HOMBRE,INGENIERIA EN COMPUTACION,18,0,4,3,4,3,3,1,3,3,2,4,OFICINAS,RESOLVER PROBLEMAS,DEDICACION,CRETIVIDAD,RAZONAMIENTO,TRABAJO EN EQUIPO,6.0,6.0,8.0,8.0,9.0,PERSONAL,0,14,23,83,9,1
23,HOMBRE,INGENIERIA MECATRONICA,18,5,5,5,3,2,2,5,4,4,1,5,OFICINAS,DEDICACION,ORGANIZACION,RESPONSABILIDAD,EMPATIA,TOMA DE DESICIONES,9.0,7.0,9.0,9.0,9.0,PERSONAL,0,10,22,21,22,16
24,HOMBRE,INGENIERIA CIVIL,18,3,5,4,4,2,3,5,4,3,1,5,EXTRANJERO,CONFIANZA,TRABAJO BAJO PRESION,CONSTANCIA,MANEJO DE PROBLEMAS,COMUNICACION,9.0,9.0,8.0,9.0,9.0,PERSONAL,2,70,7,9,121,34
24,MUJER,INGENIERIA CIVIL,17,3,5,5,5,3,4,5,4,4,2,5,EXTRANJERO,HONESTIDAD,TRABAJO EN EQUIPO,DISCIPLINA,TRABAJO BAJO PRESION,CONSTANCIA,8.0,8.0,8.0,8.0,7.0,PERSONAL,2,44,11,10,19,10
24,MUJER,INGENIERIA EN COMPUTACION,18,0,3,3,5,4,4,5,5,5,3,5,CAMPO,INTEGRIDAD,PLANIFICACION,CONFIANZA,HONESTIDAD,DEDICACION,9.0,8.0,9.0,9.0,9.0,PERSONAL,1,74,20,46,20,2
24,MUJER,INGENIERIA EN MINAS Y METALURGIA,17,19,4,4,3,2,2,5,5,3,2,4,EXTRANJERO,INICIATIVA,RESPONSABILIDAD,EMPATIA,HONESTIDAD,ORGANIZACION,9.0,9.0,7.0,9.0,9.0,PERSONAL,2,84,4,14,20,8
23,HOMBRE,INGENIERIA MECATRONICA,17,5,5,4,5,4,3,1,2,1,2,4,CAMPO,FLEXIBILIDAD,RESOLVER PROBLEMAS,CONSTANCIA,RESPONSABILIDAD,CREATIVIDAD,6.0,7.0,7.0,8.0,8.0,PERSONAL,1,80,34,9,21,7
24,HOMBRE,INGENIERIA MECATRONICA,18,5,4,5,4,5,4,5,5,4,2,4,OTROS,ADAPTACION,HABILIDAD MATEMATICA,DEDICACION,TOMA DE DESICIONES,ANALISIS,8.0,8.0,7.0,9.0,8.0,PERSONAL,3,21,9,6,0,5
25,HOMBRE,INGENIERIA EN TELECOMUNICACIONES,18,9,3,3,4,2,2,5,4,2,2,5,CAMPO,TRABAJO EN EQUIPO,ADAPTACION,PLANIFICACION,TOMA DE DESICIONES,ANALISIS,8.0,7.0,9.0,8.0,8.0,PERSONAL,1,5,62,39,0,5
24,MUJER,INGENIERIA EN COMPUTACION,18,0,5,5,4,1,1,1,1,1,3,1,OTROS,ORGANIZACION,ACTITUD,RESOLUCION DE PROBLEMAS,NOINFO,NOINFO,9.0,9.0,9.0,0.0,0.0,PERSONAL,3,42,44,1,1,0
23,HOMBRE,INGENIERIA EN TELECOMUNICACIONES,18,9,4,5,1,5,5,5,5,1,3,1,EXTRANJERO,INGENIO,RESPONSABILIDAD,INTELIGENCIA,CONSTANCIA,HABILIDAD MATEMATICA,10.0,6.0,7.0,6.0,7.0,PERSONAL,2,6,4,24,15,17
24,HOMBRE,INGENIERIA EN COMPUTACION,18,0,5,4,5,1,4,5,5,1,1,4,CAMPO,PROGRAMACION,LIDERAZGO,ANALISIS,NOINFO,NOINFO,8.0,9.0,8.0,0.0,0.0,PERSONAL,1,16,6,3,1,0
22,MUJER,INGENIERIA EN COMPUTACION,12,0,5,4,5,4,4,5,5,5,5,2,OTROS,PENSAMIENTO ABSTRACTO,HABILIDAD MATEMATICA,PENSAMIENTO LOGICO,NOINFO,NOINFO,8.0,8.0,8.0,0.0,0.0,PERSONAL,3,53,9,36,1,0
24,MUJER,INGENIERIA PETROLERA,19,4,4,4,5,4,1,5,5,5,5,2,EXTRANJERO,TRABAJO EN EQUIPO,CAPACIDAD DE DECISCION,HABILIDAD MATEMATICA,TRABAJO BAJO PRESION,RESPONSABILIDAD,9.0,9.0,8.0,8.0,10.0,PERSONAL,2,5,54,52,19,11
22,MUJER,INGENIERIA GEOFISICA,17,6,4,4,5,5,5,5,5,5,5,4,OTROS,INTERES POR LA TIERRA,FISICA,MATEMATICA,TRABAJO EN EQUIPO,NOINFO,10.0,10.0,10.0,10.0,0.0,PERSONAL,3,68,21,26,6,0
22,HOMBRE,INGENIERIA GEOFISICA,18,6,2,1,4,1,1,4,5,1,4,4,EXTRANJERO,TRABAJO EN EQUIPO,TRABAJO BAJO PRESION,HABILIDAD MATEMATICA,NOINFO,NOINFO,8.0,6.0,8.0,0.0,0.0,PERSONAL,2,5,7,52,1,0
23,HOMBRE,INGENIERIA EN COMPUTACION,18,0,4,3,3,3,3,5,5,1,1,3,OTROS,AGILIDAD MENTAL,RESPONSABILIDAD,RESOLUCION DE PROBLEMAS,LIDERAZGO,INGLES,7.0,8.0,9.0,10.0,6.0,PERSONAL,3,48,4,1,8,14
23,HOMBRE,INGENIERIA EN COMPUTACION,18,0,4,4,5,5,1,1,5,1,5,5,CAMPO,CREATIVIDAD,RESOLUCION DE PROBLEMAS,PENSAMIENTO MATEMATICO,NOINFO,NOINFO,8.0,7.0,9.0,0.0,0.0,PERSONAL,1,4,16,45,1,0
23,MUJER,INGENIERIA ELECTRONICA,17,38,5,5,4,3,1,1,1,1,4,2,CAMPO,MATEMATICAS,PROGRAMACION,PENSAMIENTO CRITICO,PENSAMIENTO LOGICO,PENSAMIENTO ANALITICO,10.0,10.0,10.0,10.0,10.0,PERSONAL,1,3,10,8,17,20
25,HOMBRE,INGENIERIA MECATRONICA,18,5,4,5,5,5,5,4,5,4,5,5,CAMPO,PERSEVERANCIA,LOGICA,DISCIPLINA,ADAPTABILIDAD,TRABAJO EN EQUIPO,9.0,9.0,8.0,8.0,8.0,PERSONAL,1,22,0,10,52,1
27,HOMBRE,INGENIERIA MECATRONICA,17,5,4,4,5,5,3,1,2,1,1,5,EXTRANJERO,ADAPTACION,CREATIVIDAD,TRABAJO EN EQUIPO,HONESTIDAD,COMUNICACION,9.0,8.0,9.0,8.0,8.0,PERSONAL,2,21,1,7,20,34
23,MUJER,INGENIERIA EN COMPUTACION,18,0,4,3,4,3,3,4,4,1,1,2,CAMPO,TOLERANCIA,ACTITUD,CREATIVO,PENSAMIENTO LOGICO,TRABAJO EN EQUIPO,8.0,8.0,8.0,9.0,8.0,PERSONAL,1,35,44,84,17,1
30,HOMBRE,INGENIERIA ELECTRICA ELECTRONICA,19,2,4,5,2,1,1,1,1,3,3,2,CAMPO,CREATIVIDAD,CONSTACIA,TRABAJO EN EQUIPO,PENSAMIENTO LOGICO,PENSAMIENTO ANALITICO,8.0,9.0,8.0,9.0,9.0,PERSONAL,1,4,45,7,17,20
21,HOMBRE,INGENIERIA GEOFISICA,16,6,4,4,3,3,1,1,1,1,1,4,EXTRANJERO,TRABAJAR BAJO PRESION,RESPONSABILIDAD,PENSAMIENTO CRITICO,LOGICA,ORGANIZACION,9.0,9.0,9.0,8.0,9.0,PERSONAL,2,47,4,8,7,8
22,HOMBRE,INGENIERIA INDUSTRIAL,17,1,5,5,3,3,3,2,2,1,1,5,OTROS,LIDERAZGO,PLANIFICACION,PENSAMIENTO LOGICO,RESPONSABILIDAD,TRABAJO EN EQUIPO,8.0,8.0,9.0,8.0,9.0,PERSONAL,3,2,20,36,21,1
26,MUJER,INGENIERIA MECATRONICA,17,5,5,5,2,2,3,2,3,2,3,4,OTROS,PROGRAMACION,PENSAMIENTO LOGICO,ANALITICO,PENSAMIENTO CRITICO,TRABAJO EN EQUIPO,8.0,9.0,9.0,9.0,9.0,PERSONAL,3,16,46,34,114,1
26,HOMBRE,INGENIERIA MECATRONICA,18,5,4,5,1,2,2,3,2,3,1,5,CAMPO,TRABAJO EN EQUIPO,ANALITICO,PENSAMIENTO LOGICO,RESPONSABILIDAD,PENSAMIENTO LOGICO,8.0,10.0,10.0,8.0,10.0,PERSONAL,1,5,15,36,21,30
23,MUJER,INGENIERIA EN COMPUTACION,16,0,4,4,5,5,3,4,5,3,2,4,CAMPO,TRABAJO EN EQUIPO,RESPONSABILIDAD,PENSAMIENTO CRITICO,PERSEVERANCIA,PENSAMIENTO LOGICO,8.0,8.0,8.0,9.0,10.0,PERSONAL,1,5,4,8,18,30
