EDAD,GENERO,CARRERA,EDAD_ELECCION_CARRERA,ID_CARRERA,CARRERA_LO_QREALM_QUERIAS,APASIONA_TUCARRERA,OPORT_LABORALES,FERIAS_EXPO,REC_FINANCIEROS,PASE_AUTOMATICO,PROM_CALIF_MIN,DIST_ALA_UNIV,PRESTIG_TITULO,SALARIO_PROM,TIPOS_ESPACIOS,HABILIDAD1,HABILIDAD2,HABILIDAD3,HABILIDAD4,HABILIDAD5,CALIF_HABIL1,CALIF_HABIL2,CALIF_HABIL3,CALIF_HABIL4,CALIF_HABIL5,ELECC_CARRERA,ESPACIOS_ID,HABILIDAD1_ID,HABILIDAD2_ID,HABILIDAD3_ID,HABILIDAD4_ID,HABILIDAD5_ID,MATERIA1,MATERIA2,MATERIA3,MATERIA4,MATERIA5,CALIFM1,CALIFM2,CALIFM3,CALIFM4,CALIFM5,INFLU_MEDIATICA,CARR_PROF_PADRES,MATERIA1_ID,MATERIA2_ID,MATERIA3_ID,MATERIA4_ID,MATERIA5_ID
22,HOMBRE,INGENIERIA EN COMPUTACION,18,0,4,4,2,5,4,1,5,5,1,2,CAMPO,LIDERAZGO,PROACTIVO,INNOVACION,ADAPTABILIDAD,NOINFO,7.0,8.0,6.0,8.0,0.0,PERSONAL,1,3,100,96,24,1,MATEMATICAS, INFORMATICA,NOINFO,NOINFO,NOINFO,9.0,10.0,0.0,0.0,0.0,NINGUNO,S/CARRERA,1,6,1,2,1
21,HOMBRE,INGENIERIA EN COMPUTACION,18,0,4,5,5,5,3,1,1,1,5,3,CAMPO,ANALISIS,OBSERVACION,LOGICA,DESTREZA,RH,7.0,9.0,8.0,7.0,6.0,PERSONAL,1,1,27,5,9,69,LOGICA, INFORMATICA, PSICOLOGIA,NOINFO,NOINFO,10.0,10.0,8.0,0.0,0.0,WEB / REDES SOC,DIFERENTE,21,6,21,2,1
20,HOMBRE,INGENIERIA EN COMPUTACION,15,0,4,5,5,4,4,5,3,3,3,3,CAMPO,INGENIO,DISCIPLINA,ANALISIS,LOGICA,ORDEN,8.0,10.0,8.0,8.0,9.0,PERSONAL,1,13,25,7,1,51,CALCULO,CIBERNETICA,NOINFO,NOINFO,NOINFO,0.0,0.0,0.0,0.0,0.0,WEB / REDES SOC,S/CARRERA,2,9,1,2,1
21,MUJER,INGENIERIA EN COMPUTACION,18,0,4,4,3,5,5,1,1,1,1,1,CAMPO,CAPACIDAD DE ANALISIS,CAPACIDAD DE DECISCION,TRABAJO EN EQUIPO,HABLAR OTRO IDIOMA,AUTODIDACTA,9.0,9.0,10.0,7.0,10.0,PERSONAL,1,40,35,8,126,8,NOINFO,NOINFO,NOINFO,NOINFO,NOINFO,0.0,0.0,0.0,0.0,0.0,NINGUNO,DIFERENTE,7,4,1,2,1
21,MUJER,INGENIERIA ELECTRICA ELECTRONICA,17,2,1,4,5,5,1,1,1,3,1,1,CAMPO,ABSTRACCION,MATEMATICA,NOINFO,NOINFO,NOINFO,9.0,8.0,0.0,0.0,0.0,PERSONAL,1,0,10,1,0,1,MATEMATICAS,FISICA,IDIOMA,NOINFO,NOINFO,8.0,10.0,10.0,0.0,0.0,WEB / REDES SOC,DIFERENTE,1,2,53,2,1
20,MUJER,INGENIERIA INDUSTRIAL,18,1,4,5,5,3,5,4,5,3,5,5,CAMPO,ANALISIS,INVESTIGACION,RESOLVER PROBLEMAS,ATENCION,OBSERVACION,8.0,8.0,9.0,7.0,9.0,PERSONAL,1,1,91,36,86,39,ALGEBRA,CALCULO,PROBABILIDAD,ECONOMIA,NOINFO,7.0,8.0,8.0,7.0,0.0,NINGUNO,S/CARRERA,5,3,17,24,1
19,HOMBRE,INGENIERIA EN COMPUTACION,17,0,4,4,5,5,4,5,4,1,1,3,OTROS,RAZONAMIENTO,IMAGINACION,CREATIVIDAD,ADAPTACION,ACTUALIZACION,7.0,8.0,8.0,9.0,7.0,PERSONAL,3,9,11,4,35,58,NOINFO,NOINFO,NOINFO,NOINFO,NOINFO,0.0,0.0,0.0,0.0,0.0,WEB / REDES SOC,S/CARRERA,7,4,1,2,1
22,HOMBRE,INGENIERIA MECATRONICA,18,4,4,4,5,2,1,1,3,1,1,2,OTROS,ANALISIS,LOGICA,APLICACION,DESTREZA,SOCIALES,9.0,10.0,8.0,9.0,9.0,PERSONAL,3,1,5,82,9,44,MATEMATICAS,FISICA,COMPUTACION,QUIMICA,NOINFO,10.0,10.0,10.0,9.0,0.0,WEB / REDES SOC,SIMILAR,1,2,6,7,1
21,HOMBRE,INGENIERIA EN COMPUTACION,19,0,5,5,4,1,2,2,4,4,2,2,CAMPO,ANALISIS,MEMORIA,COMPRENSION,CREATIVIDAD,AUTODIDACTA,9.0,8.0,9.0,8.0,8.0,PERSONAL,1,1,48,23,5,8,MATEMATICAS,FISICA,INFORMATICA,NOINFO,NOINFO,8.0,8.0,9.0,0.0,0.0,TV/MEDIOS IMPRESOS,DIFERENTE,1,2,12,2,1
20,MUJER,INGENIERIA EN COMPUTACION,17,0,5,5,5,5,5,4,2,1,1,1,CAMPO,COMPRENSION,TRABAJO EN EQUIPO,LOGICA,ANALISIS,NOINFO,8.0,6.0,8.0,8.0,0.0,PERSONAL,1,48,19,5,11,1,MATEMATICAS,COMPUTACION, GEOMETRIA,NOINFO,NOINFO,9.0,10.0,8.0,0.0,0.0,NINGUNO,MISMA,1,26,3,2,1
27,HOMBRE,INGENIERIA MECANICA,15,7,5,5,5,1,1,1,1,1,4,1,EXTRANJERO,ANALIZAR,GENERAR,ESTRUCTURAR,INVESTIGAR,APLICAR,9.0,9.0,9.0,8.0,10.0,PERSONAL,2,8,89,71,92,87,FISICA,MATEMATICAS, GEOMETRIA,QUIMICA,CALCULO,9.0,10.0,9.0,8.0,10.0,WEB / REDES SOC,DIFERENTE,3,1,3,7,4
22,HOMBRE,INGENIERIA GEOFISICA,18,5,5,4,5,1,5,5,1,1,1,4,EXTRANJERO,MATEMATICAS,PROGRAMACION,COMPRENSION,CONDICION FISICA,EXPRESION,8.0,6.0,8.0,10.0,9.0,PERSONAL,2,5,15,23,40,19,GEOLOGIA Y MINERALOGIA,GEOGRAFIA,NOINFO,NOINFO,NOINFO,10.0,9.0,0.0,0.0,0.0,NINGUNO,SIMILAR,18,10,1,2,1
21,MUJER,INGENIERIA EN COMPUTACION,16,0,5,5,4,2,1,1,1,1,2,2,CAMPO,PERSEVERANCIA,OBSERVADOR,LOGICA,TENACIDAD,PACIENCIA,10.0,8.0,9.0,9.0,10.0,PERSONAL,1,44,26,5,78,7,INFORMATICA,OPCION TECNICA,NOINFO,NOINFO,NOINFO,10.0,9.0,0.0,0.0,0.0,NINGUNO,DIFERENTE,8,27,1,2,1
21,HOMBRE,INGENIERIA EN COMPUTACION,18,0,5,4,2,5,5,5,5,5,1,3,CAMPO,DISCIPLINA, CONOCIMIENTOS DE DIVERSAS AREAS DE LA INGENIERIA,PROACTIVO,CURIOSO,NOINFO,5.0,6.0,9.0,9.0,0.0,PERSONAL,1,12,58,46,98,1,MATEMATICAS,LOGICA,ESPANOL,NOINFO,NOINFO,10.0,9.0,8.0,0.0,0.0,NINGUNO,DIFERENTE,1,5,46,2,1
21,MUJER,INGENIERIA EN COMPUTACION,17,0,4,5,4,5,1,1,1,1,1,1,CAMPO,INTELIGENCIA,LOGICA,PACIENCIA,DISCIPLINA,PERSEVERANCIA,9.0,8.0,2.0,7.0,8.0,PERSONAL,1,37,5,16,49,65,FILOSOFIA,MATEMATICAS,FISICA,COMPUTACION,NOINFO,6.0,10.0,8.0,9.0,0.0,NINGUNO,DIFERENTE,26,1,0,8,1
19,HOMBRE,INGENIERIA EN COMPUTACION,17,0,5,5,4,4,5,1,1,1,1,3,CAMPO,SOCIABILIDAD,OBSERVACION,ANALISIS,PLANEACION,NOINFO,7.0,9.0,8.0,7.0,0.0,PERSONAL,1,85,27,7,6,1,INFORMATICA,COMPUTACION,ALGORITMOS,DERECHO,TIC,10.0,10.0,9.0,9.0,9.0,NINGUNO,SIMILAR,8,26,58,16,42
19,HOMBRE,INGENIERIA EN COMPUTACION,18,0,3,5,3,2,5,5,3,3,4,3,CAMPO,DISCIPLINA,PASION,RESPONSABILIDAD,ANALISIS,NOINFO,8.0,9.0,10.0,10.0,0.0,PERSONAL,1,12,70,29,11,1,MATEMATICAS,FISICA, LOGICA,NOINFO,NOINFO,10.0,10.0,10.0,0.0,0.0,WEB / REDES SOC,DIFERENTE,1,2,5,2,1
21,HOMBRE,INGENIERIA EN COMPUTACION,18,0,2,4,5,5,4,4,4,1,4,3,CAMPO,CREATIVIDAD,PENSAMIENTO LOGICO,DISENO,HABILIDAD MATEMATICA,TRABAJO EN EQUIPO,7.0,8.0,8.0,8.0,9.0,PERSONAL,1,2,6,17,12,3,INFORMATICA,CALCULO, LOGICA, GEOMETRIA,ALGEBRA,10.0,8.0,10.0,9.0,10.0,WEB / REDES SOC,DIFERENTE,8,3,5,15,16
26,HOMBRE,INGENIERIA EN COMPUTACION,21,0,4,5,4,1,2,3,3,2,1,1,OTROS,ABSTRACCION,LOGICA,HABILIDAD MATEMATICA,RESOLUCION DE PROBLEMAS,TRABAJO EN EQUIPO,9.0,8.0,8.0,8.0,5.0,PERSONAL,3,0,5,65,14,3,PROGRAMACION,INTRODUCCION A LA COMPUTACION,REDES DIGITALES,CIRCUITOS DIGITALES,DISPOSITIVOS DIGITALES,9.0,10.0,8.0,10.0,9.0,WEB / REDES SOC,S/CARRERA,19,34,52,41,36
22,HOMBRE,INGENIERIA EN COMPUTACION,17,0,4,5,4,1,2,1,1,1,5,5,OTROS,PENSAMIENTO LOGICO,PACIENCIA,HABILIDAD MATEMATICA,RESOLUCION DE PROBLEMAS,ABSTRACCION,8.0,10.0,8.0,8.0,7.0,PERSONAL,3,43,13,65,14,15,DISENO DIGITAL,ELECTRONICA,FISICA,ALGEBRA,ELECTRONICA DIGITAL,10.0,10.0,10.0,9.0,10.0,CARRERA DE MODA,S/CARRERA,23,53,0,5,47
18,HOMBRE,INGENIERIA EN COMPUTACION,18,0,5,5,4,4,1,5,5,1,1,2,OFICINAS,PROGRAMAR,LOGICA,ANALISIS E INVESTIGACION,TRABAJO EN EQUIPO,MATEMATICAS,9.0,10.0,8.0,8.0,9.0,PERSONAL,0,35,5,66,2,21,MATEMATICAS,LOGICA,INFORMATICA,NOINFO,NOINFO,8.0,9.0,8.0,0.0,0.0,WEB / REDES SOC,DIFERENTE,1,5,12,2,1
22,HOMBRE,INGENIERIA GEOFISICA,18,5,4,5,5,3,4,4,1,1,3,5,EXTRANJERO,MATEMATICA, CONOCIMIENTOS DE DIVERSAS AREAS DE LA INGENIERIA,LOGICA,COMPUTACIONAL,INTERDICIPLINA,7.0,9.0,8.0,5.0,10.0,PERSONAL,2,14,58,5,79,46,CALCULO,GEOGRAFIA,FISICA,COMPUTACION,IDIOMAS,8.0,9.0,8.0,5.0,8.0,WEB / REDES SOC,DIFERENTE,2,10,0,8,14
22,HOMBRE,INGENIERIA GEOFISICA,17,5,4,5,2,1,1,4,5,1,4,4,OTROS,MATEMATICA,FISICA,ANALISIS,COMPUTO,INGLES,9.0,9.0,10.0,9.0,8.0,PERSONAL,3,14,34,7,84,26,CALCULO,ETIMOLOGICAS,FISICA,DERECHO,PSICOLOGIA,10.0,10.0,10.0,8.0,10.0,CARRERA DE NUEVA,DIFERENTE,2,50,0,16,19
20,HOMBRE,INGENIERIA GEOFISICA,17,5,5,4,5,1,4,5,5,5,5,5,EXTRANJERO,MATEMATICA, CONOCIMIENTOS DE DIVERSAS AREAS DE LA INGENIERIA,FISICA,LOGICA,ESPACIAL,9.0,9.0,9.0,9.0,8.0,PERSONAL,2,14,58,39,1,63,MATEMATICAS,FISICA,ORIENTACION EDUCATIVA,ETIMOLOGICAS,DERECHO,8.0,7.0,8.0,6.0,9.0,NINGUNO,DIFERENTE,1,2,25,37,9
22,HOMBRE,INGENIERIA GEOFISICA,17,5,4,4,5,5,5,5,1,5,3,3,OFICINAS,MATEMATICA,PROGRAMACION,IDIOMAS,ANALISIS ESPACIAL,REDACCION,10.0,8.0,7.0,10.0,8.0,PERSONAL,0,14,15,33,120,18,CALCULO,GEOMETRIA, DERECHO,DIBUJO,FISICA,10.0,9.0,9.0,8.0,9.0,NINGUNO,S/CARRERA,2,19,15,11,3
22,HOMBRE,INGENIERIA GEOFISICA,18,5,4,5,5,5,5,5,5,1,4,4,EXTRANJERO,FISICOMATEMATICA,UBIACION,IMAGINACION,OBSERVACION,INTERPRETACION,8.0,10.0,8.0,7.0,9.0,PERSONAL,2,63,96,56,54,29,FISICA,QUIMICA,MATEMATICAS,REDACCIO,IDIOMAS,8.0,8.0,10.0,8.0,8.0,NINGUNO,S/CARRERA,3,8,8,50,14
22,HOMBRE,INGENIERIA GEOFISICA,17,5,2,3,3,4,1,1,1,1,1,4,OTROS,ABSTRACTA,MATEMATICA,SOCIAL,LOGICA,REDACCION,7.0,7.0,8.0,7.0,7.0,PERSONAL,3,72,10,79,1,18,CALCULO,FISICA,DIBUJO,PINTURA,QUIMICA,9.0,10.0,10.0,1.0,8.0,NINGUNO,S/CARRERA,2,2,11,53,8
21,HOMBRE,INGENIERIA GEOFISICA,17,5,4,3,5,2,2,1,1,5,5,5,EXTRANJERO,FISICA,MATEMATICA,PROGRAMACION,INGLES,EXPOSICION DE TEMAS,9.0,10.0,9.0,10.0,9.0,PERSONAL,2,58,10,26,31,94,CALCULO,FISICA, GEOMETRIA,DERECHO,IDIOMAS,9.0,9.0,8.0,8.0,9.0,NINGUNO,DIFERENTE,2,2,3,16,14
21,MUJER,INGENIERIA INDUSTRIAL,18,1,5,5,5,1,3,2,1,1,1,1,OTROS,IDIOMA,ANALISIS,LECTURA,SENSIBILIDAD,INVESTIGACION,8.0,9.0,9.0,9.0,7.0,PERSONAL,3,55,7,62,95,6,LITERATURA,HISTORIA,LENGUA ESPANOLA,NOINFO,NOINFO,10.0,10.0,9.0,0.0,0.0,NINGUNO,DIFERENTE,17,21,36,2,1
22,MUJER,INGENIERIA INDUSTRIAL,18,1,4,3,4,5,5,2,3,4,1,1,CAMPO,HABILIDAD MATEMATICA,INGLES,ANALISIS,INVESTIGACION,NOINFO,7.0,8.0,8.0,8.0,0.0,PERSONAL,1,45,38,7,42,1,METODOLOGIA,HISTORIA, DERECHO,LOGICA,MATEMATICAS,8.0,8.0,8.0,9.0,8.0,TV/MEDIOS IMPRESOS,DIFERENTE,35,21,15,10,5
24,MUJER,INGENIERIA ELECTRICA ELECTRONICA,19,2,5,5,4,3,4,1,1,1,3,5,OFICINAS,MATEMATICAS,CREATIVIDAD,EXPRESION ORAL Y ESCRITA,NOINFO,NOINFO,7.0,7.0,7.0,0.0,0.0,PERSONAL,0,5,2,60,0,1,FISICA,QUIMICA,MATEMATICAS,NOINFO,NOINFO,7.0,10.0,8.0,0.0,0.0,NINGUNO,SIMILAR,3,8,8,2,1
19,MUJER,INGENIERIA EN COMPUTACION,18,0,3,3,5,5,2,5,1,4,3,5,CAMPO,PENSAMIENTO ABSTRACTO,ANALISIS,RAZONAMIENTO,CREATIVIDAD,ORGANIZACION,7.0,7.0,7.0,5.0,5.0,PERSONAL,1,20,7,21,5,0,MATEMATICAS, TEMAS SELECTOS DE MATEMATICAS,NOINFO,NOINFO,NOINFO,10.0,9.0,0.0,0.0,0.0,NINGUNO,DIFERENTE,1,13,1,2,1
22,HOMBRE,INGENIERIA GEOLOGICA,17,16,5,5,5,4,5,2,2,1,1,5,EXTRANJERO,LIDERAZGO,IDIOMA,TRABAJO EN EQUIPO,PRIMEROS AUXILIOS,COMPUTACION,7.0,6.0,10.0,5.0,8.0,PERSONAL,2,3,40,8,77,53,ALGEBRA,MECANICA,GEOGRAFIA,COMPUTO,INGLES,8.0,8.0,10.0,9.0,8.0,NINGUNO,DIFERENTE,5,52,13,38,0
24,HOMBRE,INGENIERIA EN COMPUTACION,18,0,4,4,4,4,4,4,4,4,4,4,CAMPO,PROACTIVO,RAZONAMIENTO,ADMINISTRACION,LIDERAZGO,EMPATIA,9.0,9.0,9.0,9.0,8.0,PERSONAL,1,27,12,87,20,35,NOINFO,NOINFO,NOINFO,NOINFO,NOINFO,0.0,0.0,0.0,0.0,0.0,NINGUNO,S/CARRERA,7,4,1,2,1
23,HOMBRE,INGENIERIA EN COMPUTACION,18,0,4,5,5,5,1,5,5,1,2,2,CAMPO,LOGICA,PACIENCIA,CONSTANCIA,ETICA,RAZONAMIENTO,8.0,10.0,8.0,9.0,8.0,FAMILIARES,1,26,13,11,28,11,FISICA,ESTADISTICA,CALCULO, GEOMETRIA,ALGEBRA,8.0,10.0,10.0,8.0,9.0,NINGUNO,S/CARRERA,3,12,7,15,16
26,HOMBRE,INGENIERIA EN COMPUTACION,22,0,2,5,2,2,5,1,1,1,5,4,CAMPO,RAZONAMIENTO,CURIOSIDAD,CREATIVIDAD,LOGICA,PACIENCIA,8.0,8.0,7.0,8.0,10.0,PERSONAL,1,9,85,4,1,7,MATEMATICAS,FISICA,DISENO,INGLES,ETICA,9.0,8.0,9.0,8.0,9.0,NINGUNO,SIMILAR,1,2,22,4,13
25,HOMBRE,INGENIERIA EN COMPUTACION,15,0,2,2,5,4,4,5,5,1,4,4,CAMPO,LIDERAZGO,TRABAJO EN EQUIPO,INTELIGENCIAS,DISCIPLINA,LOGICA,8.0,9.0,8.0,7.0,9.0,PERSONAL,1,3,19,114,49,23,PROGRAMACION,LOGICA,MATEMATICAS,FILOSOFIA,FISICA,7.0,8.0,9.0,8.0,8.0,NINGUNO,SIMILAR,19,5,8,0,3
21,HOMBRE,INGENIERIA EN COMPUTACION,16,0,4,3,5,5,1,3,2,1,2,3,CAMPO,INGENIO,RESPONSABILIDAD,CRITERIO,PENSAMIENTO ANALITICO,ABSTRACCION,8.0,7.0,9.0,9.0,8.0,PERSONAL,1,13,1,25,109,15,ALGEBRA, INFORMATICA,GEOMETRIA ANALITICA,FISICA,CALCULO,9.0,10.0,8.0,10.0,9.0,NINGUNO,DIFERENTE,5,6,31,3,4
22,HOMBRE,INGENIERIA EN COMPUTACION,16,0,5,5,4,3,2,1,1,1,2,2,CAMPO,RAZONAMIENTO,DEDICACION,PACIENCIA,PRACTICAR,TRABAJO EN EQUIPO,8.0,8.0,9.0,8.0,7.0,PERSONAL,1,9,9,16,45,3,CALCULO,CIBERNETICA,MATEMATICAS,FISICA,COMPUTACION,0.0,0.0,0.0,0.0,0.0,WEB / REDES SOC,DIFERENTE,2,9,8,3,2
22,MUJER,INGENIERIA GEOFISICA,17,5,4,5,5,1,2,3,1,1,4,4,EXTRANJERO,PROGRAMAR,GEOLOGIA,MANEJO DE EQUIPO,INTERPRETACION,NOINFO,6.0,8.0,8.0,7.0,0.0,PERSONAL,2,35,56,67,34,1,MATEMATICAS, CALCULO DIFERENCIAL,CALCULO INTEGRAL,NOINFO,NOINFO,9.0,10.0,9.0,0.0,0.0,WEB / REDES SOC,DIFERENTE,1,11,65,2,1
22,HOMBRE,INGENIERIA EN TELECOMUNICACIONES,17,9,4,4,5,5,4,5,5,5,4,3,CAMPO,DISENO,RESOLUCION DE PROBLEMAS,HABILIDADES COMUNICATIVAS,INVESTIGACION,HABILIDADES INFORMATICAS,8.0,9.0,10.0,8.0,9.0,PERSONAL,1,31,23,35,42,59,CALCULO,CIBERNETICA,COMUNICACION,FISICA, ECONOMIA,9.0,9.0,10.0,9.0,8.0,WEB / REDES SOC,S/CARRERA,2,9,44,3,22
22,HOMBRE,INGENIERIA EN COMPUTACION,18,0,4,4,5,1,5,5,4,1,4,5,OTROS,INGENIO,PROGRAMACION,MATEMATICAS,TRABAJO EN EQUIPO,EFICACIA,8.0,6.0,9.0,8.0,9.0,PERSONAL,3,13,15,20,2,91,MATEMATICAS,QUIMICA,INFORMATICA,PSICOLOGIA,DERECHO,10.0,9.0,9.0,8.0,6.0,NINGUNO,DIFERENTE,1,8,12,20,9
21,HOMBRE,INGENIERIA EN MINAS Y METALURGIA ,17,17,2,3,5,1,4,5,5,2,4,5,EXTRANJERO,RESOLVER PROBLEMAS,ANALISIS,TRABAJO EN EQUIPO,IDIOMAS,CONOCIMIENTOS DE NORMAS,9.0,9.0,5.0,7.0,6.0,OTROS ,2,15,7,8,60,45,CALCULO, ADMINISTRACION, ESTADISTICA,COMUNICACION,MATEMATICAS,8.0,10.0,9.0,10.0,10.0,NINGUNO,SIMILAR,2,18,10,21,5
23,MUJER,INGENIERIA GEOLOGICA ,17,16,4,4,5,2,2,2,2,2,1,2,EXTRANJERO,TRABAJO EN EQUIPO,IDIOMAS,CONOCIMIENTO DEL CONTEXTO AMBIENTAL,GEOHISTORIA,LOGICA,4.0,4.0,5.0,5.0,5.0,PERSONAL ,2,6,94,94,48,23,QUIMICA,MATEMATICAS,FISICA,TERMODINAMICA ,PROBABILIDAD ,8.0,8.0,8.0,0.0,0.0,NINGUNO,DIFERENTE,9,1,0,49,37
18,MUJER,INGENIERIA CIVIL ,15,3,5,3,4,4,5,5,1,1,2,3,EXTRANJERO,CREATIVIDAD,INGENIO,RAPIDEZ,DESEMPENO,EXCELENCIA,5.0,5.0,5.0,5.0,2.0,PERSONAL ,2,2,8,28,47,66,QUIMICA,FISICA,CALCULO,NOINFO,NOINFO,10.0,10.0,6.0,0.0,0.0,TV/MEDIOS IMPRESOS,DIFERENTE,9,2,7,2,1
18,MUJER,INGENIERIA CIVIL ,18,3,4,4,5,5,5,5,5,2,4,4,EXTRANJERO,IMAGINACION,INNOVACION,CREATIVIDAD,DESEMPENO,NOINFO,8.0,8.0,9.0,8.0,0.0,PERSONAL ,2,22,21,4,47,1,CALCULO,GEOMETRIA ANALITICA,FISICA,NOINFO,NOINFO,8.0,9.0,9.0,0.0,0.0,TV/MEDIOS IMPRESOS,DIFERENTE,2,17,0,2,1
22,HOMBRE,INGENIERIA CIVIL ,16,3,5,4,5,5,4,5,2,3,5,5,EXTRANJERO,IMAGINACION,CAPACIDAD DE DECISCION,ENSENAR,NOINFO,NOINFO,7.0,8.0,8.0,8.0,0.0,PERSONAL ,2,22,35,90,0,1,MATEMATICAS,FISICA,QUIMICA,DIBUJO,NOINFO,7.0,10.0,8.0,9.0,0.0,NINGUNO,S/CARRERA,1,2,2,11,1
20,HOMBRE,INGENIERIA EN COMPUTACION,18,0,5,5,4,3,4,5,5,1,1,1,CAMPO,LOGICA,RAZONAMIENTO,MATEMATICAS,CONDICION FISICA,DISCIPLINA,8.0,8.0,7.0,7.0,10.0,PERSONAL ,1,26,12,20,40,10,CALCULO,PROGRAMACION, ESTADISTICA,FISICA,ALGEBRA,9.0,9.0,9.0,9.0,9.0,NINGUNO,SIMILAR,2,24,10,3,16
24,HOMBRE,INGENIERIA INDUSTRIAL,18,1,2,5,4,3,2,4,4,4,4,5,CAMPO,RAZONAMIENTO,TOMA DE DECISIONES,VENTAS,TRABAJO BAJO PRESION,MATEMATICAS,8.0,9.0,9.0,8.0,6.0,PERSONAL ,1,9,20,68,23,21,MATEMATICAS,MARKETING ,TOMA DE DECISIONES ,MANOFACTURA ,IDIOMA ,6.0,7.0,8.0,8.0,9.0,WEB / REDES SOC,DIFERENTE,1,31,62,43,54
20,HOMBRE,INGENIERIA EN COMPUTACION,17,0,3,4,1,1,3,5,4,2,3,1,OTROS,DISCIPLINA,CREATIVIDAD,TRABAJO EN EQUIPO,INTELIGENCIA,CONOCIMIENTO,7.0,8.0,6.0,9.0,8.0,PERSONAL ,3,12,2,8,17,12,CALCULO,FISICA, ALGEBRA,CIBERNETICA, REDACCION,8.0,9.0,8.0,10.0,7.0,TV/MEDIOS IMPRESOS,S/CARRERA,2,2,9,31,17
20,HOMBRE,INGENIERIA EN COMPUTACION,17,0,4,5,5,4,5,1,1,1,5,5,OTROS,RESOLVER PROBLEMAS, CONOCIMIENTOS DE DIVERSAS AREAS DE LA INGENIERIA,PROGRAMAR,TRABAJAR EN EQUIPO,COMUNICACION,8.0,7.0,9.0,8.0,7.0,PERSONAL ,3,15,58,64,99,27,PROGRAMACION DE PAGINAS WEB ,ELEARNING,POO, CALCULO,INGLES,10.0,9.0,10.0,10.0,9.0,TV/MEDIOS IMPRESOS,DIFERENTE,47,56,42,1,0
21,HOMBRE,INGENIERIA EN COMPUTACION,18,0,5,5,5,5,2,1,1,1,1,1,CAMPO,PROGRAMACION,OBTENER INFORMACION,INGLES,MEMORIA,LEER,8.0,8.0,5.0,7.0,8.0,PERSONAL ,1,19,81,32,30,93,POO,EDA LL,FUNDAMENTOS DE PROGRAMACION,GYPC,L F Y A ,8.0,8.0,9.0,7.0,8.0,WEB / REDES SOC,DIFERENTE,34,37,29,40,10
23,HOMBRE,INGENIERIA EN COMPUTACION,16,0,4,4,5,5,2,1,5,2,4,4,CAMPO,TRABAJO EN EQUIPO,PACIENCIA,RESPONSABILIDAD,COMPRENSION,DEDICACION,10.0,8.0,8.0,10.0,6.0,PERSONAL,1,6,13,29,22,25,COMPUTACION,MATEMATICAS,NOINFO,NOINFO,NOINFO,10.0,10.0,0.0,0.0,0.0,WEB / REDES SOC,DIFERENTE,4,1,1,2,1
25,MUJER,INGENIERIA EN COMPUTACION,18,0,4,4,5,5,5,5,5,5,2,1,CAMPO,AUTOAPRENDIZAJE,NOINFO,NOINFO,NOINFO,NOINFO,7.0,0.0,0.0,0.0,0.0,PERSONAL,1,42,3,1,0,1,CALCULO,CIBERNETICA,NOINFO,NOINFO,NOINFO,8.0,10.0,0.0,0.0,0.0,CARRERA DE MODA,S/CARRERA,2,9,1,2,1
23,HOMBRE,INGENIERIA EN COMPUTACION,19,0,4,2,2,1,1,1,1,1,5,4,CAMPO,ANALISIS,CREATIVIDAD,TOMA DE DECISIONES,SER BILINGUE,LIDERAZGO,7.0,7.0,7.0,7.0,6.0,PERSONAL,1,1,2,42,113,5,MATEMATICAS,FISICA,NOINFO,NOINFO,NOINFO,8.0,8.0,0.0,0.0,0.0,NINGUNO,S/CARRERA,1,2,1,2,1
23,HOMBRE,INGENIERIA EN COMPUTACION,16,0,4,5,5,4,5,1,3,5,5,4,CAMPO,DESTREZA,ESTRATEGIA,RETENCION,CALCULO,CREATIVIDAD E IMAGINACION,9.0,8.0,8.0,9.0,8.0,PERSONAL,1,30,59,78,36,33,CALCULO,FISICA,PROGRAMACION,QUIMICA,ORTOGRAFIA,9.0,8.0,8.0,10.0,10.0,WEB / REDES SOC,DIFERENTE,2,2,4,7,56
20,MUJER,INGENIERIA EN COMPUTACION,13,0,5,5,5,5,4,1,1,1,4,1,CAMPO,TRABAJO EN EQUIPO,ANALISIS,RESOLUCION DE PROBLEMAS,LOGICA,NOINFO,7.0,8.0,8.0,8.0,0.0,PERSONAL,1,6,7,2,1,1,MATEMATICAS,COMPUTACION,FISICA,INGLES,NOINFO,9.0,10.0,8.0,9.0,0.0,NINGUNO,SIMILAR,1,26,0,4,1
22,MUJER,INGENIERIA EN COMPUTACION,19,0,3,4,1,1,4,5,4,2,3,1,CAMPO,DISCIPLINA,INNOVACION,LOGICA,INTELIGENCIA,CONOCIMIENTO,7.0,8.0,6.0,9.0,8.0,PERSONAL ,1,12,21,5,17,12,CALCULO,FISICA, ALGEBRA,NOINFO,NOINFO,10.0,9.0,10.0,0.0,0.0,TV/MEDIOS IMPRESOS,S/CARRERA,2,2,9,2,1
25,MUJER,INGENIERIA EN TELECOMUNICACIONES,18,9,2,2,5,5,5,5,5,1,4,4,OTROS,AUTOAPRENDIZAJE,SER BILINGUE,DEDICACION,NOINFO,NOINFO,8.0,9.0,8.0,0.0,0.0,PERSONAL,3,42,62,9,0,1,FISICA,PROGRAMACION,MATEMATICAS, CALCULO,NOINFO,6.0,8.0,7.0,8.0,0.0,NINGUNO,S/CARRERA,3,24,8,1,1
24,HOMBRE,INGENIERIA GEOFISICA,20,5,5,5,5,4,5,2,2,1,1,5,EXTRANJERO,LIDERAZGO,SER BILINGUE,NOINFO,NOINFO,NOINFO,7.0,6.0,0.0,0.0,0.0,PERSONAL,2,3,62,1,0,1,ALGEBRA,COMPUTO,GEOGRAFIA,QUIMICA,NOINFO,8.0,6.0,10.0,7.0,0.0,NINGUNO,SIMILAR,5,44,13,7,1
21,MUJER,INGENIERIA EN COMPUTACION,19,0,4,3,4,4,5,3,4,4,4,4,CAMPO,PROACTIVO,PACIENCIA,LOGICA,LIDERAZGO,EMPATIA,9.0,8.0,8.0,8.0,6.0,PERSONAL,1,27,13,5,20,35,CALCULO,CIBERNETICA,FISICA,NOINFO,NOINFO,6.0,9.0,8.0,0.0,0.0,NINGUNO,SIMILAR,2,9,0,2,1
22,MUJER,INGENIERIA EN COMPUTACION,17,0,4,5,2,5,2,5,5,4,2,2,OTROS,ADMINISTRACION,RAZONAMIENTO,ANALISIS,INTELIGENCIA,TRABAJO EN EQUIPO,7.0,7.0,9.0,10.0,7.0,PERSONAL,3,88,12,7,17,3,CALCULO,ESTADISTICA, ALGEBRA,PROGRAMACION,FISICA,9.0,7.0,6.0,6.0,0.0,NINGUNO,DIFERENTE,2,12,9,32,3
19,HOMBRE,INGENIERIA PETROLERA,17,6,3,3,4,1,5,1,1,1,5,5,EXTRANJERO,PERSEVERANCIA,EXTROVERTIDO,LIDERAZGO,IDIOMA,RADICAL,9.0,7.0,8.0,7.0,8.0,PERSONAL,2,44,18,12,59,24,CALCULO,QUIMICA,FISICA,GEOGRAFIA,INGLES,8.0,10.0,9.0,10.0,10.0,TV/MEDIOS IMPRESOS,S/CARRERA,2,8,0,45,0
18,HOMBRE,INGENIERIA PETROLERA,17,6,5,5,4,2,4,4,4,3,3,4,EXTRANJERO,LIDERAZGO,IDIOMA,OBJETIVO,INGENIOSO,RADICAL,8.0,9.0,8.0,8.0,7.0,PERSONAL,2,3,40,97,63,24,CALCULO,QUIMICA,FISICA,INGLES,NOINFO,8.0,6.0,9.0,10.0,0.0,NINGUNO,DIFERENTE,2,8,0,4,1
19,HOMBRE,INGENIERIA PETROLERA,17,6,5,5,4,4,5,1,1,5,5,4,CAMPO,IDIOMA,EXTROVERTIDO,SOCIABLE,RADICAL,NOINFO,9.0,9.0,9.0,9.0,9.0,PERSONAL,1,55,18,86,89,1,QUIMICA,CALCULO,FISICA,NOINFO,NOINFO,8.0,8.0,7.0,0.0,0.0,NINGUNO,S/CARRERA,9,3,0,2,1
20,HOMBRE,INGENIERIA CIVIL ,18,3,5,5,4,5,2,5,3,1,3,4,OTROS,IMAGINACION,LIDERAZGO,PENSAMIENTO MATEMATICO,ETICA,REDACTAR,8.0,8.0,9.0,9.0,9.0,PERSONAL,3,22,0,24,28,64,FISICA,MATEMATICAS,QUIMICA,NOINFO,NOINFO,6.0,8.0,7.0,0.0,0.0,NINGUNO,MISMA,3,1,2,2,1
19,HOMBRE,INGENIERIA PETROLERA,17,6,5,5,4,1,2,5,4,4,4,2,EXTRANJERO,LIDERAZGO,OBJETIVIDAD,INTELIGENCIA,ESFUERZO,IDIOMA,7.0,10.0,10.0,9.0,7.0,PERSONAL,2,3,45,14,87,42,CALCULO,INGLES,QUIMICA,FISICA,PSICOLOGIA,7.0,7.0,9.0,6.0,7.0,TV/MEDIOS IMPRESOS,DIFERENTE,2,14,2,3,19
19,HOMBRE,INGENIERIA CIVIL ,17,3,5,5,5,5,4,5,5,1,1,1,CAMPO,CREATIVIDAD,RESOLVER PROBLEMAS,NOINFO,NOINFO,NOINFO,7.0,7.0,0.0,0.0,0.0,PERSONAL,1,2,41,1,0,1,MATEMATICAS,DIBUJO,FISICA,NOINFO,NOINFO,8.0,8.0,9.0,0.0,0.0,WEB / REDES SOC,S/CARRERA,1,15,0,2,1
19,HOMBRE,INGENIERIA CIVIL ,15,3,2,3,3,2,4,4,4,5,4,3,EXTRANJERO,ANALISIS,CRITERIO,PENSAMIENTO MATEMATICO,LIDERAZGO,CREATIVIDAD,7.0,8.0,6.0,7.0,8.0,PERSONAL,2,1,49,24,20,4,ALGEBRA, CALCULO DIFERENCIAL,CALCULO INTEGRAL,PROBABILIDAD,INGLES,8.0,9.0,9.0,7.0,8.0,WEB / REDES SOC,DIFERENTE,5,11,65,13,0
20,MUJER,INGENIERIA CIVIL ,16,3,5,5,3,2,5,4,4,1,1,1,EXTRANJERO,LIDERAZGO,CREATIVIDAD,NOINFO,NOINFO,NOINFO,9.0,8.0,0.0,0.0,0.0,PERSONAL,2,3,2,1,0,1,FISICA,CALCULO,QUIMICA,NOINFO,NOINFO,9.0,10.0,8.0,0.0,0.0,WEB / REDES SOC,S/CARRERA,3,3,2,2,1
20,MUJER,INGENIERIA CIVIL ,17,3,4,4,5,5,5,4,5,3,1,1,EXTRANJERO,INNOVACION,LIDERAZGO,CREATIVIDAD,INICIATIVA,NOINFO,6.0,8.0,8.0,9.0,0.0,PERSONAL,2,53,0,4,58,1,FISICA,MATEMATICAS,DISENO,QUIMICA,NOINFO,8.0,9.0,10.0,10.0,0.0,NINGUNO,DIFERENTE,3,1,22,7,1
19,HOMBRE,INGENIERIA CIVIL ,17,3,5,5,5,5,5,4,3,3,3,4,EXTRANJERO,HABILIDAD MATEMATICA,LIDERAZGO,CREATIVIDAD,CAPACIDAD DE ANALISIS Y AUTODIDACTA,SOCIALES,8.0,9.0,8.0,8.0,8.0,PERSONAL,2,45,0,4,27,44,FISICA,MATEMATICAS,QUIMICA,DIBUJO,FISICOQUIMICA,9.0,9.0,8.0,10.0,9.0,NINGUNO,DIFERENTE,3,1,2,11,52
27,HOMBRE,INGENIERIA CIVIL ,18,3,4,5,4,1,2,1,1,2,3,2,EXTRANJERO,SENTIDO COMUN,RESPONSABILIDAD,COMUNICACION,FISICOMATEMATICAS,TRABAJO EN EQUIPO,9.0,8.0,9.0,9.0,8.0,PERSONAL,2,81,1,18,105,3,FISICA,MATEMATICAS,QUIMICA,ETICA PROFESIOANAL,ORIENTACION EDUCATIVA,9.0,9.0,8.0,10.0,10.0,NINGUNO,SIMILAR,3,1,2,70,33
55,HOMBRE,ARQUITECTURA,16,14,5,5,4,4,4,1,1,5,5,1,EXTRANJERO,ANALISIS,TOMA DE DECISIONES,PROGRAMACION,CONTROL,EFICIENCIA,9.0,9.0,8.0,9.0,9.0,PERSONAL,2,1,20,26,29,56,FISICA,MATEMATICAS,DIBUJO, BIOLOGIA,ETICA,8.0,8.0,10.0,8.0,9.0,NINGUNO,S/CARRERA,3,1,11,27,13
40,HOMBRE,INGENIERIA EN COMPUTACION,17,0,4,5,5,1,5,4,4,3,1,2,CAMPO,LOGICA,CREATIVIDAD,ABSTRACCION,NOINFO,NOINFO,8.0,9.0,8.0,0.0,0.0,PERSONAL,1,26,2,38,0,1,CALCULO,FISICA,ESTETICA,ADMINISTRACION,NOINFO,9.0,8.0,10.0,7.0,0.0,NINGUNO,DIFERENTE,2,2,28,14,1
29,MUJER,INFORMATICA,19,13,4,3,3,3,3,4,4,1,3,3,CAMPO,COMUNICACION,OBJETIVIDAD,PRAGMATICA,CREATIVIDAD,METICULOSA,6.0,7.0,7.0,8.0,8.0,PERSONAL,1,29,45,89,5,60,MATEMATICAS,NOINFO,NOINFO,NOINFO,NOINFO,8.0,0.0,0.0,0.0,0.0,NINGUNO,S/CARRERA,1,4,1,2,1
20,MUJER,ADMINISTRACION,18,11,4,4,5,5,5,1,5,5,5,4,CAMPO,LIDERAZGO,ANALISIS,TOMA DE DECISIONES,COMUNICACION,HABILIDAD MATEMATICA,9.0,9.0,8.0,9.0,6.0,PERSONAL,1,3,7,42,7,37,ADMINISTRACION, DERECHO, ESTADISTICA, HISTORIA UNIVERSAL,NOINFO,10.0,10.0,10.0,10.0,0.0,NINGUNO,SIMILAR,38,0,10,63,1
35,HOMBRE,INGENIERIA DE SOFTWARE,30,20,5,5,4,1,3,1,4,2,3,3,CAMPO,DESARROLLO,CREATIVIDAD,DISENO,ANALISIS,NOINFO,8.0,8.0,8.0,8.0,0.0,PERSONAL,1,62,2,17,11,1,COMPUTACION,MATEMATICAS,NOINFO,NOINFO,NOINFO,10.0,9.0,0.0,0.0,0.0,WEB / REDES SOC,DIFERENTE,4,1,1,2,1
25,HOMBRE,INGENIERIA EN COMPUTACION,17,0,5,4,5,1,5,5,5,5,4,4,CAMPO,ANALISIS,ACTITUD,EMPRENDIMIENTO,LIDERAZGO,PACIENCIA,9.0,10.0,8.0,8.0,9.0,PERSONAL,1,1,47,30,20,7,CIBERNETICA Y COMPUTACION,FISICA,CALCULO,QUIMICA,NOINFO,10.0,10.0,10.0,10.0,0.0,WEB / REDES SOC,S/CARRERA,45,2,7,7,1
22,HOMBRE,ADMINISTRACION,18,11,5,5,4,4,4,1,1,1,1,1,CAMPO,DINAMISMO,ANALISIS,COMPANERISMO,INFLUYENTE,FACILIDAD DE PALABRA,9.0,10.0,9.0,8.0,8.0,PERSONAL,1,69,7,54,73,90,ESTADISTICA,CONTABILIDAD Y ADMINISTRACION,GEOECONOMIA,INT AL ESTUDIO DE CIENCIAS SOCIALES,NOINFO,10.0,10.0,10.0,9.0,0.0,NINGUNO,DIFERENTE,15,64,54,30,1
21,HOMBRE,ADMINISTRACION,17,11,5,5,4,5,4,4,4,2,3,1,CAMPO,LIDERAZGO,NEGOCIACION,COMUNICACION,TOMA DE DECISIONES,ESTRATEGIA,9.0,8.0,10.0,9.0,10.0,PERSONAL,1,3,64,18,4,48,ADMINISTRACION,CONTABILIDAD,MATEMATICAS,DERECHO,ESTADISTICA,10.0,8.0,9.0,10.0,10.0,WEB / REDES SOC,DIFERENTE,38,28,8,16,15
33,HOMBRE,DISENO Y COMUNICACION VISUAL,16,8,2,1,2,1,2,5,5,4,1,2,CAMPO,CREATIVIDAD, CONOCIMIENTOS DE DIVERSAS AREAS DE LA INGENIERIA,CONSTANCIA,PERSEVERANCIA,NOINFO,6.0,5.0,5.0,4.0,0.0,PERSONAL,1,2,58,11,32,1,ESTETICA,DIBUJO,NOINFO,NOINFO,NOINFO,8.0,9.0,0.0,0.0,0.0,NINGUNO,DIFERENTE,44,15,1,2,1
21,MUJER,INGENIERIA INDUSTRIAL,18,1,5,5,4,5,2,1,2,1,1,2,CAMPO,ANALISIS,LIDERAZGO,CAPACIDAD DE SINTESIS,EMPRENDEDRO,ORGANIZADO,9.0,8.0,10.0,9.0,10.0,PERSONAL,1,1,0,57,70,49,MATEMATICAS,QUIMICA,FISICA,PROBABILIDAD,LITERATURA,9.0,10.0,8.0,9.0,10.0,NINGUNO,DIFERENTE,1,8,0,13,29
22,HOMBRE,INGENIERIA INDUSTRIAL,19,1,3,1,5,5,5,3,3,1,4,5,CAMPO,ORGANIZACION,INOVACION,PLANEACION,CONTROL,PRODUCCION,8.0,9.0,8.0,9.0,9.0,PERSONAL,1,38,69,84,29,70,FISICA,CALCULO,INGLES,QUIMICA,ESTADISTICA,9.0,8.0,10.0,8.0,8.0,NINGUNO,DIFERENTE,3,3,16,7,15
22,HOMBRE,INGENIERIA INDUSTRIAL,18,1,4,4,5,5,5,5,5,5,5,5,OTROS,CREATIVIDAD,CRITERIO,INOVACION,EMPATIA,LIDERAZGO,8.0,9.0,8.0,8.0,8.0,PERSONAL,3,2,49,63,18,5,MATEMATICAS,INGLES,NOINFO,NOINFO,NOINFO,8.0,9.0,0.0,0.0,0.0,NINGUNO,S/CARRERA,1,14,1,2,1
21,MUJER,INGENIERIA INDUSTRIAL,18,1,2,4,5,5,5,5,5,5,5,5,EXTRANJERO,CREATIVIDAD,VISUALIZAR A LARGO PLAZO,ANALISTA,RECTO,NOINFO,9.0,9.0,8.0,8.0,0.0,FAMILIARES,2,2,30,55,71,1,GEOMETRIA,HISTORIA DE MEXICO,FISICA,ALGEBRA,NOINFO,9.0,10.0,10.0,10.0,0.0,TV/MEDIOS IMPRESOS,S/CARRERA,12,62,0,5,1
21,HOMBRE,INGENIERIA INDUSTRIAL,19,1,3,2,5,1,4,1,1,1,5,3,OTROS,ETICA, CONOCIMIENTOS DE DIVERSAS AREAS DE LA INGENIERIA,CONTABILIDAD,ADMINISTRACION,LIDERAZGO,9.0,10.0,7.0,9.0,8.0,PERSONAL,3,79,58,47,43,5,MATEMATICAS,FISICA,QUIMICA,INFORMATICA,TEMAS SELECTOS DE MATE,10.0,10.0,8.0,10.0,10.0,NINGUNO,SIMILAR,1,2,2,9,62
23,HOMBRE,INGENIERIA EN COMPUTACION,17,0,4,4,1,1,1,4,5,1,1,4,CAMPO,RAZONAMIENTO,TRABAJO EN EQUIPO,AUTODIDACTA,RAZONAMIENTO,NOINFO,8.0,7.0,9.0,9.0,0.0,PERSONAL,1,9,19,41,10,1,COMPUTO,CALCULO,FISICA,MATEMATICAS,NOINFO,10.0,8.0,7.0,8.0,0.0,NINGUNO,S/CARRERA,31,3,0,6,1
23,HOMBRE,INGENIERIA EN COMPUTACION,18,0,4,4,4,4,3,3,3,4,1,3,CAMPO,EMPRENDER, CONOCIMIENTOS DE DIVERSAS AREAS DE LA INGENIERIA,RESOLVER PROBLEMAS,ANALISIS,NOINFO,8.0,8.0,9.0,8.0,0.0,PERSONAL,1,70,58,36,11,1,CALCULO,FISICA,COMPUTACION,ALGEBRA,NOINFO,8.0,8.0,9.0,10.0,0.0,TV/MEDIOS IMPRESOS,S/CARRERA,2,2,6,5,1
22,MUJER,INGENIERIA SISTEMAS BIOMEDICOS,19,30,5,5,5,1,2,1,1,1,2,2,OFICINAS,INTEGRAR CONCEPTOS,TRABAJO EN EQUIPO,ALTRUISMO,ENTENDIMIENTO,CONCEPTOS DE ELECTRONICA,9.0,8.0,9.0,10.0,9.0,PERSONAL,0,83,19,104,62,98,FISICA, BIOLOGIA,QUIMICA, ETICA,SALUD,9.0,10.0,10.0,10.0,10.0,CARRERA DE NUEVA,DIFERENTE,3,20,2,17,32
21,HOMBRE,INGENIERIA INDUSTRIAL,18,1,5,5,5,1,5,1,1,5,5,5,CAMPO,LIDERAZGO,DISIPLINA,PERSEVERANCIA,TRABAJO EN EQUIPO,ACTITUD,10.0,10.0,10.0,10.0,10.0,PERSONAL,1,3,53,31,2,72,MATEMATICAS,CALCULO,FISICA,ALGEBRA,NOINFO,10.0,9.0,9.0,9.0,0.0,TV/MEDIOS IMPRESOS,S/CARRERA,1,3,0,5,1
21,HOMBRE,INGENIERIA INDUSTRIAL,18,1,5,4,5,5,5,5,5,5,4,4,OTROS,DISIPLINA,LIDERAZGO,PERSEVERANCIA,HABILIDAD MATEMATICA,TOMA DE DESICIONES,9.0,7.0,10.0,8.0,7.0,PERSONAL,3,57,0,31,12,9,MATEMATICAS,TEMAS SELECTOS DE MAT,FISICA, ESTADISTICA,NOINFO,8.0,10.0,8.0,9.0,0.0,NINGUNO,DIFERENTE,1,66,0,18,1
25,HOMBRE,INGENIERIA EN COMPUTACION,16,0,5,5,5,5,5,5,5,1,5,5,CAMPO,CREATIVIDAD,CONSTANCIA,PENSAMIENTO CRTITICO,EFICACIA,INGLES,10.0,7.0,8.0,7.0,9.0,PERSONAL,1,2,22,109,65,26,ALGEBRA,FISICA,QUIMICA,ADMINISTRACION,FILOSOFIA,10.0,8.0,7.0,8.0,10.0,TV/MEDIOS IMPRESOS,DIFERENTE,5,2,2,14,11
22,MUJER,INGENIERIA EN COMPUTACION,17,0,4,4,3,1,1,1,1,1,1,1,CAMPO,RAZOCINEO,LOGICA,ENTENDIMIENTO,TRABAJO EN EQUIPO,INGLES,9.0,9.0,9.0,8.0,9.0,PERSONAL,1,78,5,58,2,26,CIBERNETICA,FISICA,MATEMATICAS,PROGRAMACION,LOGICA,10.0,9.0,10.0,8.0,8.0,NINGUNO,S/CARRERA,6,2,8,32,6
23,HOMBRE,INGENIERIA EN COMPUTACION,17,0,4,5,5,5,1,5,5,5,3,5,CAMPO,VISION,TRABAJO EN EQUIPO,LIDERAZGO,RAZONAMIENTO,LOGICA,8.0,10.0,8.0,7.0,9.0,PERSONAL,1,60,19,12,10,23,MATEMATICAS,FISICA,PROGRAMACION,QUIMICA,LOGICA,9.0,7.0,9.0,10.0,8.0,NINGUNO,DIFERENTE,1,2,4,7,6
23,HOMBRE,INGENIERIA EN COMPUTACION,17,0,3,4,5,5,4,5,5,3,4,4,CAMPO,SINTESIS,RAZONAMIENTO,LIDERAZGO,LOGICA,VISION,8.0,8.0,7.0,8.0,8.0,PERSONAL,1,28,12,12,1,40,CALCULO,ESTADISTICA,PROGRAMACION,LOGICA,FILOSOFIA,9.0,8.0,10.0,1.0,9.0,WEB / REDES SOC,S/CARRERA,2,12,4,10,11
22,HOMBRE,INGENIERIA EN COMPUTACION,17,0,3,2,4,2,1,5,5,1,1,1,CAMPO,RESOLVER PROBLEMAS,ABSRACION,ANALITICO,AUTODIDACTA,ORGANIZACION,7.0,7.0,8.0,8.0,7.0,PERSONAL,1,15,71,44,107,0,MATEMATICAS,FISICA,QUIMICA,INFORMATICA,LOGICA,8.0,6.0,9.0,9.0,10.0,WEB / REDES SOC,S/CARRERA,1,2,2,9,6
21,HOMBRE,INGENIERIA INDUSTRIAL,18,1,4,4,4,1,5,5,5,1,1,3,CAMPO,ANALITICO,LIDERAZGO,PRODUCTIVO,INOVACION,CREATIVIDAD,10.0,7.0,8.0,7.0,7.0,PERSONAL,1,17,0,98,55,4,CALCULO,ESTADISTICA,MATEMATICAS,LOGICA,LITERATURA,10.0,10.0,9.0,8.0,7.0,NINGUNO,S/CARRERA,2,12,8,10,29
21,MUJER,INGENIERIA INDUSTRIAL,16,1,5,5,5,4,3,1,1,4,4,4,CAMPO,DISENO,LOGISTICA,CREATIVIDAD,INNOVACION,PLANEACION,10.0,9.0,9.0,8.0,9.0,PERSONAL,1,31,61,4,21,47,MATEMATICAS,ESTADISTICA,QUIMICA,ALGEBRA,FILOSOFIA,9.0,7.0,8.0,9.0,10.0,NINGUNO,S/CARRERA,1,12,2,5,11
21,MUJER,INGENIERIA INDUSTRIAL,18,1,4,4,5,5,4,1,4,2,4,4,EXTRANJERO,LIDERAZGO,RAZONAMIENTO,CREATIVIDAD,LOGICA,RESPONSABILIDAD,4.0,4.0,3.0,4.0,4.0,PERSONAL,2,3,12,4,1,30,FISICA,MATEMATICAS,QUIMICA,ALGEBRA,CALCULO,1.0,9.0,9.0,9.0,8.0,NINGUNO,S/CARRERA,3,1,2,5,4
20,MUJER,INGENIERIA INDUSTRIAL,17,1,5,5,5,1,1,1,1,1,1,2,EXTRANJERO,LIDERAZGO,CREATIVIDAD,EMPRENDIMIENTO,TRABAJO EN EQUIPO,ETICA,7.0,6.0,7.0,9.0,10.0,PERSONAL,2,3,2,30,2,81,CALCULO,ESTADISTICA,FISICA,ALGEBRA,QUIMICA,10.0,10.0,8.0,9.0,9.0,NINGUNO,S/CARRERA,2,12,0,5,8
21,MUJER,INGENIERIA INDUSTRIAL,17,1,4,5,5,5,3,5,3,3,4,4,EXTRANJERO,EFICIENCIA, CONOCIMIENTOS DE DIVERSAS AREAS DE LA INGENIERIA,ANALITICO,HABLAR EN PUBLICO,LIDERAZGO,9.0,9.0,9.0,10.0,10.0,PERSONAL,2,68,58,44,46,5,CALCULO,FISICA,QUIMICA,DISENO AMBIENTAL,EXPRESION GRAFICA,8.0,9.0,9.0,9.0,10.0,WEB / REDES SOC,S/CARRERA,2,2,2,74,21
23,HOMBRE,INGENIERIA ELECTRICA ELECTRONICA,17,2,5,5,4,4,3,3,5,4,4,4,EXTRANJERO,ABSTRACION,PENSAMIENTO CRITICO,HABILIDAD NUMERICA,IDIOMAS,COMPRENSION,8.0,8.0,8.0,5.0,7.0,PERSONAL,2,65,99,107,60,20,CALCULO,GEOMETRIA,PROGRAMACION,ALGEBRA,INGLES,9.0,8.0,8.0,8.0,5.0,NINGUNO,S/CARRERA,2,19,4,5,0
22,MUJER,INGENIERIA PETROLERA,18,6,4,4,5,5,1,5,4,3,5,5,EXTRANJERO,LIDERAZGO,TOMA DE DECISIONES,HABILIDAD PARA MATEMATICAS,VISUALIZAR ESPACIO Y TRABAJAR EN UN AMBIENTE DIFERENTE,NOINFO,9.0,8.0,9.0,10.0,7.0,PERSONAL,2,3,20,3,119,1,CALCULO DIFERENCIAL E INTEGRAL, ALGEBRA,GEOMETRIA ANALITICA, TEMAS SELECTOS DE MATEMATICAS Y QUIMICA,NOINFO,10.0,8.0,10.0,10.0,9.0,WEB / REDES SOC,S/CARRERA,52,16,31,80,1
26,MUJER,INGENIERIA EN COMPUTACION,15,0,4,4,5,5,3,3,2,2,4,4,CAMPO,LIDERAZGO,ANALISIS,TRABAJO EN EQUIPO,RAZONAMIENTO,LOGICA,8.0,8.0,7.0,9.0,8.0,PERSONAL,1,3,7,8,10,23,CALCULO DIFERENCIAL E INTEGRAL,CIBERNETICA,FISICA,ADMINISTRACION,NOINFO,6.0,9.0,7.0,9.0,0.0,TV/MEDIOS IMPRESOS,DIFERENTE,52,9,0,14,1
20,MUJER,CONTADURIA,17,18,4,5,5,5,5,5,1,1,1,2,CAMPO,HABILIDAD MATEMATICA,DISCIPLINA,RAZONAMIENTO,TOMA DE DECISIONES,COMUNICACION,10.0,8.0,9.0,8.0,7.0,PERSONAL,1,45,25,21,4,27,ADMINISTRACION Y CONTABILIDAD,MATEMATICAS, DERECHO, PROBLEMAS SOCIALES POLITICOS Y ECONOMICOS DE MEXICO, GEOGRAFIA ECONOMICA,10.0,8.0,8.0,10.0,10.0,NINGUNO,MISMA,14,1,15,88,35
26,HOMBRE,INGENIERIA MECATRONICA,18,4,1,2,1,1,1,1,1,1,4,4,EXTRANJERO,MATEMATICAS,LOGICA,IDIOMAS,TRABAJO EN EQUIPO,NOINFO,7.0,0.0,0.0,0.0,0.0,FAMILIARES,2,5,5,33,2,1,TEMAS SELECTOS DE MATEMATICAS,NOINFO,NOINFO,NOINFO,NOINFO,10.0,0.0,0.0,0.0,0.0,NINGUNO,DIFERENTE,39,4,1,2,1
24,MUJER,CONTADURIA,18,18,2,4,5,1,5,5,5,4,1,4,CAMPO,TRABAJO EN EQUIPO,LIDERAZGO,TOMA DE DECISIONES,RAZONAMIENTO LOGICO Y SER SOCIABLE,NOINFO,9.0,7.0,7.0,7.0,8.0,PERSONAL,1,6,0,42,33,1,PROBABIBLIDAD Y ESTADISTICA, LENGUAJE Y COMUNICACION,ADMISTRACION,ECONOMIA,LENGUA EXTRANJERA,9.0,9.0,9.0,8.0,10.0,NINGUNO,MISMA,50,79,35,24,39
22,MUJER,INGENIERIA INDUSTRIAL,17,1,5,5,4,5,5,1,1,1,1,1,OFICINAS,PROACTIVIDAD,NOINFO,NOINFO,NOINFO,NOINFO,9.0,7.0,9.0,6.0,9.0,PERSONAL,0,39,3,1,0,1,ESTADISTICA Y PROBABILIDAD,NOINFO,NOINFO,NOINFO,NOINFO,8.0,8.0,8.0,9.0,8.0,NINGUNO,S/CARRERA,51,4,1,2,1
24,HOMBRE,INGENIERIA EN COMPUTACION,16,0,5,5,5,5,1,1,4,1,4,4,CAMPO,INGENIO,ABSTRACTO,AUTODIDACTA,PACIENCIA,INGLES,10.0,10.0,9.0,8.0,9.0,PERSONAL,1,13,36,41,15,26,CIBERNETICA Y COMPUTACION, PROBABILIDAD Y ESTADISTICA, CALCULO DIFERENCIAL, CALCULO INTEGRAL,COMPUTACION,10.0,10.0,9.0,9.0,10.0,TV/MEDIOS IMPRESOS,S/CARRERA,45,80,64,57,2
26,MUJER,INGENIERIA EN COMPUTACION,19,0,5,5,5,5,5,1,5,1,1,4,CAMPO,ANALISIS,RESPONSABILIDAD,SABER BUSCAR INFORMACION,TOLARANCIA,ATENCION AL DETALLE,9.0,10.0,8.0,9.0,10.0,PERSONAL,1,1,1,0,53,85,INTELIGENCIA ARTIFICIAL, ADMIN DE PROYECTOS DE SOFTWARE, PLN,PROBABILIDAD, DISCRETAS,8.0,10.0,9.0,6.0,9.0,NINGUNO,DIFERENTE,29,81,63,13,38
22,HOMBRE,INGENIERIA EN COMPUTACION,18,0,4,5,5,5,5,5,5,5,5,1,CAMPO,ESTUDIAR CONSTANTEMENTE,RESPONSABILIDAD,PREVENCION,COMPRENSION,NOINFO,2.0,3.0,3.0,4.0,4.0,PERSONAL,1,87,1,72,22,1,NEGOCIOS ELECTRONICOS, BASES DE DATOS, INTELIGENCIA ARTIFICIAL, ADMINISTRACION DE PROYECTOS DE SOFTWARE E INGENIERIA DE SOFTWARE,NOINFO,8.0,7.0,7.0,8.0,9.0,NINGUNO,S/CARRERA,36,23,61,91,1
27,MUJER,INGENIERIA ELECTRICA ELECTRONICA,22,2,5,5,5,5,5,1,1,1,5,5,CAMPO,AGILIDAD MENTAL,IMAGINACION,TRABAJO BAJO PRESION,NOINFO,NOINFO,9.0,10.0,8.0,0.0,0.0,PERSONAL,1,7,11,15,0,1,MATEMATICAS Y FISICA,NOINFO,NOINFO,NOINFO,NOINFO,9.0,9.0,0.0,0.0,0.0,NINGUNO,S/CARRERA,55,4,1,2,1
22,HOMBRE,INGENIERIA CIVIL ,18,3,4,4,4,5,2,1,1,1,5,4,EXTRANJERO,CAPACIDAD DE ANALISIS,CREATIVIDAD,TRABAJO EN EQUIPO,INGENIO,LIDERAZGO,3.0,3.0,5.0,4.0,4.0,PERSONAL,2,40,2,8,41,5,CALCULO DIFERENCIAL, INTEGRAL, CINEMATICA Y DINAMICA,FISICA,ETICA,10.0,9.0,9.0,8.0,9.0,NINGUNO,DIFERENTE,16,75,50,3,13
26,MUJER,INGENIERIA EN COMPUTACION,18,0,5,4,5,1,1,5,5,1,5,5,CAMPO,PACIENCIA,DESTREZA,TOLERANCIA,RESPONSABILIDAD,NOINFO,2.0,3.0,2.0,2.0,3.0,PERSONAL,1,10,37,27,16,1,CALCULO DIFERENCIAL,FISICA,MATEMATICAS, ECONOMIA Y ADMINISTRACION,NOINFO,10.0,9.0,8.0,9.0,9.0,NINGUNO,S/CARRERA,16,2,8,85,1
25,HOMBRE,CIENCIA POLITICA,19,24,5,5,5,5,2,1,1,1,1,2,OFICINAS,SINTESIS,ANALISIS,PENSAMIENTO PROSPECTIVO,CAPACIDAD EXPLICATIVA Y EXCELENTE REDADCCION,NOINFO,9.0,9.0,9.0,9.0,9.0,PERSONAL,0,28,7,105,101,1,PROBLEMAS POLITICOS, SOCIALES Y ECONOMICOS DE MEXICO, HISTORIA DE MEXICO, HISTORIA UNIVERSAL, SOCIOLOGIA Y DERECHO,9.0,9.0,9.0,8.0,8.0,NINGUNO,S/CARRERA,41,38,20,63,64
23,HOMBRE,INGENIERIA EN COMPUTACION,18,0,4,4,5,5,5,3,3,4,4,4,CAMPO,LOGICA,CONSTANCIA,MEMORIA,PACIENCIA E INTUICION,NOINFO,9.0,8.0,7.0,6.0,8.0,PERSONAL,1,26,22,48,114,1,CALCULO DIFERENCIAL, CALCULO INTEGRAL, CAD, COMPUTACION Y DISENO,NOINFO,5.0,5.0,5.0,5.0,5.0,CARRERA DE MODA,S/CARRERA,16,22,26,67,1
23,HOMBRE,INGENIERIA CIVIL,18,3,5,5,5,5,1,2,2,1,5,4,EXTRANJERO,DISENAR ESTRUCTURAS,NOINFO,NOINFO,NOINFO,NOINFO,8.0,7.0,8.0,8.0,9.0,PERSONAL,2,50,3,1,0,1,1MATEMATICAS IV,NOINFO,NOINFO,NOINFO,NOINFO,6.0,6.0,9.0,7.0,8.0,NINGUNO,DIFERENTE,24,4,1,2,1
25,MUJER,DISENO Y COMUNICACION VISUAL,17,8,4,5,3,5,5,5,5,1,5,1,CAMPO,CREATIVIDAD,PACIENCIA,VISION,COGNITIVA,MOTRIZ,4.0,3.0,4.0,4.0,4.0,PERSONAL,1,2,13,34,68,13,EXPRESION GRAFICA, COMUNICACION PSICOLOGIA, FILOSOFIA, HISTORIA,NOINFO,10.0,10.0,10.0,8.0,8.0,WEB / REDES SOC,DIFERENTE,32,65,14,12,1
26,HOMBRE,INGENIERIA ELECTRICA ELECTRONICA,18,2,2,2,5,5,5,5,5,5,5,5,CAMPO,RESPONSABILIDAD,LIDERAZGO,PACIENCIA,INTELIGENCIA,RAPIDEZ,2.0,3.0,3.0,3.0,2.0,PERSONAL,1,16,0,16,17,50,CALCULO INTEGRAL, CALCULO DIFERENCIAL, GEOMETRIA,ALGEBRA,ESTADISTICA,8.0,7.0,7.0,7.0,8.0,TV/MEDIOS IMPRESOS,DIFERENTE,54,11,3,5,15
28,HOMBRE,INGENIERIA EN COMPUTACION,18,0,5,5,4,5,1,1,5,5,5,1,EXTRANJERO,TRABAJO EN EQUIPO,TRABAJO BAJO PRESION,ADAPTACION,COMUNICACION,DIRECCION DE EQUIPO,10.0,9.0,8.0,8.0,9.0,PERSONAL,2,6,16,43,7,100,DESARROLLO WEB, REDES, BASES DE DATOS,SISTEMAS OPERATIVOS,INGLES,10.0,10.0,9.0,10.0,10.0,CARRERA DE NUEVA,DIFERENTE,27,60,60,28,0
22,MUJER,INGENIERIA MECATRONICA,18,4,2,4,4,2,5,1,1,1,4,3,OTROS,CREATIVIDAD, CONOCIMIENTOS DE DIVERSAS AREAS DE LA INGENIERIA,TRABAJO EN EQUIPO, TRABAJO INDIVIDUAL,LIDERAZGO,8.0,7.0,8.0,8.0,7.0,PERSONAL,3,2,58,8,115,5,MATEMATICAS,NOINFO,NOINFO,NOINFO,NOINFO,10.0,9.0,10.0,9.0,8.0,CARRERA DE NUEVA,DIFERENTE,1,4,1,2,1
22,MUJER,INGENIERIA INDUSTRIAL,18,1,5,5,5,5,5,5,5,4,4,5,CAMPO,OPTIMIZACION, CONOCIMIENTOS DE DIVERSAS AREAS DE LA INGENIERIA,MATEMATICAS,INNOVACION,TECNOLOGIA,9.0,9.0,8.0,9.0,9.0,PERSONAL,1,75,58,20,21,54,ADMINISTRACION,FISICA,PROBABILIDAD, CALCULO, ECONOMIA,9.0,9.0,10.0,8.0,9.0,WEB / REDES SOC,S/CARRERA,38,2,17,1,22
22,HOMBRE,INGENIERIA MECANICA,18,7,5,5,5,1,5,5,5,1,1,1,EXTRANJERO,MATEMATICA,LOGICA,RESOLVER PROBLEMAS,ESPACIAL Y VISUAL,NOINFO,9.0,9.0,9.0,8.0,9.0,PERSONAL,2,14,5,36,38,1,MATEMATICAS IV,5 Y 6, VI,COMPUTACION,FISICA,6.0,6.0,6.0,7.0,6.0,NINGUNO,DIFERENTE,49,7,39,8,3
28,HOMBRE,INGENIERIA PETROLERA,19,6,4,2,2,1,1,5,5,1,5,4,EXTRANJERO,TRABAJO EN EQUIPO,TRABAJO BAJO PRESION,HABLAR EN PUBLICO,CAPACIDAD DE ANALISIS Y AUTODIDACTA,NOINFO,9.0,8.0,8.0,8.0,9.0,PERSONAL,2,6,16,115,27,1,CALCULO,QUIMICA,FISICA, MATEMATICAS Y PROBABILIDAD,NOINFO,10.0,8.0,9.0,10.0,10.0,NINGUNO,S/CARRERA,2,8,0,73,1
20,MUJER,INGENIERIA EN COMPUTACION,18,0,4,4,5,5,1,1,2,1,4,4,CAMPO,LOGICA,IMAGINACION,CONSTANCIA,COMPRENSION DE LECTURA,PACIENCIA,7.0,10.0,9.0,9.0,8.0,PERSONAL,1,26,11,11,123,7,MATEMATICAS,5 Y 6, INFORMATICA APLICADA,FISICA, OPCION TECNICA DE COMPUTACION,8.0,10.0,9.0,9.0,9.0,NINGUNO,MISMA,1,7,66,3,65
22,MUJER,INGENIERIA MECATRONICA,17,4,4,3,5,5,5,5,5,5,5,5,CAMPO,TRABAJO EN EQUIPO,ORGANIZACION,COMUNICACION,PLANEACION,PENSAMIENTO LOGICO,9.0,10.0,10.0,10.0,10.0,AMIGOS,1,6,17,18,6,28,MATEMATICAS,5 Y 6, TEMAS SELECTOS DE MATEMATICAS,FISICA,NOINFO,10.0,10.0,10.0,10.0,10.0,CARRERA DE MODA,DIFERENTE,1,7,72,3,1
24,HOMBRE,LIC INFORMATICA,20,37,4,5,5,5,5,1,1,5,5,5,CAMPO,MATEMATICA,NOINFO,NOINFO,NOINFO,NOINFO,6.0,6.0,8.0,7.0,9.0,PERSONAL,1,14,3,1,0,1,BASE DE DATOS,NOINFO,NOINFO,NOINFO,NOINFO,9.0,8.0,9.0,8.0,8.0,NINGUNO,DIFERENTE,40,4,1,2,1
23,MUJER,INGENIERIA EN COMPUTACION,17,0,2,2,5,5,5,5,5,1,2,2,CAMPO,AUTODIDACTA,CREATIVO,RESPONSABLE,TRABAJAR EN EQUIPO,NOINFO,8.0,8.0,8.0,8.0,7.0,FAMILIARES,1,11,82,70,99,1,CIBERNETICA, CALCULO DIFERENCIAL,CALCULO INTEGRAL,NOINFO,NOINFO,10.0,10.0,0.0,0.0,0.0,CARRERA DE MODA,S/CARRERA,6,11,65,2,1
20,HOMBRE,INGENIERIA EN COMPUTACION,15,0,5,5,5,1,5,1,1,5,4,4,OFICINAS,CRITICO,LOGICA,CONSTANCIA,ESTUDIO,NOINFO,10.0,10.0,6.0,10.0,0.0,PERSONAL,0,41,5,11,88,1,PROGRAMACION, ALGEBRA,GEOMETRIA ANALITICA, CALCULO,NOINFO,10.0,10.0,10.0,8.0,0.0,WEB / REDES SOC,S/CARRERA,19,16,31,1,1
23,HOMBRE,INGENIERIA EN COMPUTACION,18,0,4,5,5,5,5,3,3,4,4,5,CAMPO,MATEMATICAS,COMPUTO,PROGRAMACION,PLANEACION,IDIOMAS,8.0,9.0,9.0,10.0,10.0,PERSONAL,1,5,87,26,6,16,PROGRAMACION, ALGEBRA, GEOMETRIA, CALCULO,FISICA,10.0,7.0,9.0,8.0,7.0,WEB / REDES SOC,DIFERENTE,19,16,3,1,3
22,MUJER,GASTRONOMIA,17,27,5,5,5,1,5,5,5,4,1,1,OFICINAS,LIDERAZGO,RESPONSABILIDAD,CREATIVIDAD,DESTREZA,NOINFO,2.0,1.0,1.0,1.0,1.0,PERSONAL,0,3,1,4,9,1,CONTABILIDAD, INFORMATICA,NOINFO,NOINFO,NOINFO,8.0,8.0,0.0,0.0,0.0,WEB / REDES SOC,S/CARRERA,53,6,1,2,1
24,HOMBRE,INGENIERIA EN COMPUTACION,18,0,4,5,5,4,5,5,5,4,5,4,CAMPO,LIDERAZGO,DEDICACIO,RESOLUCION DE PROBLEMA,ORDENADO,PACIENCIA,3.0,4.0,3.0,3.0,2.0,PERSONAL,1,3,90,113,76,7,MATEMATICAS,FISICA,QUIMICA,LITERATURA,INGLES,3.0,3.0,3.0,3.0,2.0,WEB / REDES SOC,S/CARRERA,1,2,2,22,0
21,HOMBRE,INGENIERIA EN COMPUTACION,16,0,4,5,4,4,5,5,4,4,5,3,CAMPO,TOLERANCIA,ENTENDIMIENTO,CREATIVIDAD,DETECCION,HABILIDAD PARA RESOLVER PROBLEMAS,10.0,10.0,10.0,10.0,10.0,PERSONAL,1,51,63,4,37,14,MATEMATICAS, COMPUTACION MATEMATICAS2 MATEMATICAS3,INFORMATICA,NOINFO,NOINFO,8.0,9.0,9.0,8.0,9.0,WEB / REDES SOC,DIFERENTE,1,36,12,2,1
36,HOMBRE,BIOLOGIA,17,21,5,5,5,1,4,1,1,1,1,1,OFICINAS,RESOLUCION DE PROBLEMAS, ADAPTABILIDAD,ANALITICO,TRABAJO EN EQUIPO,IDIOMAS,8.0,10.0,8.0,9.0,6.0,PERSONAL,0,23,54,44,2,16,BIOLOGIA,ESTADISTICA,GEOGRAFIA,MATEMATICAS, 5 REDACCION DE TEXTOS,10.0,9.0,10.0,8.0,10.0,NINGUNO,S/CARRERA,20,12,13,6,55
22,HOMBRE,INGENIERIA EN COMPUTACION,15,0,5,5,5,5,5,5,5,5,5,5,OTROS,DOMINIO DEL IDIOMA INGLES,CERTIFICACIONES,MATEMATICAS,PROGRAMACION,HABILIDAD MATEMATICA,10.0,10.0,10.0,10.0,9.0,PERSONAL,3,33,68,20,8,37,MATEMATICAS,FISICA,QUIMICA,PSICOLOGIA,INGLES,10.0,10.0,10.0,9.0,10.0,NINGUNO,DIFERENTE,1,2,2,20,0
22,MUJER,INGENIERIA EN COMPUTACION,18,0,4,5,2,5,2,1,1,1,5,5,CAMPO,RAZONAMIENTO MATEMATICO,ABSTRACCION,TRABAJO BAJO PRESION,RESOLUCION DE PROBLEMAS,CREATIVIDAD E IMAGINACION,2.0,2.0,2.0,2.0,3.0,PERSONAL,1,89,39,15,14,33,CIBERNETICA, CALCULO DIFERENCIAL, INTEGRAL,FISICA,NOINFO,8.0,6.0,7.0,8.0,8.0,WEB / REDES SOC,DIFERENTE,6,11,24,3,1
23,HOMBRE,INGENIERIA EN COMPUTACION,18,0,5,5,5,5,1,4,4,5,4,4,CAMPO,COMPRENSION,RAZONAMIENTO,HABILIDADES COMUNICATIVAS,CREATIVIDAD,LIDERAZGO,8.0,9.0,10.0,8.0,10.0,PERSONAL,1,48,12,35,5,5,MATEMATICAS,FISICA, LOGICA, DIBUJO CONSTRUCTIVO, INFORMATICA,8.0,10.0,6.0,9.0,10.0,WEB / REDES SOC,DIFERENTE,1,2,5,59,30
23,HOMBRE,INGENIERIA EN COMPUTACION,19,0,5,5,5,1,5,5,5,5,5,4,CAMPO,HABILIDAD MATEMATICA,RAZONAMIENTO,IMAGINACION,ANALISIS ESPACIAL,HABILIDAD MATEMATICA,9.0,9.0,9.0,9.0,9.0,PERSONAL,1,45,12,56,120,37,MATEMATICAS,CIBERNETICA, ALGEBRA, CALCULO,FISICA,8.0,8.0,8.0,8.0,8.0,CARRERA DE MODA,DIFERENTE,1,9,9,1,3
18,MUJER,ACTUARIA,15,19,5,5,5,5,4,5,5,2,5,2,CAMPO,HABILIDAD MATEMATICA,LOGICA,RELACIONES INTERPERSONALES,BUEN PROCESAMIENTO DE DATOS,HABILIDAD PARA RESOLVER PROBLEMAS,10.0,10.0,8.0,9.0,9.0,PERSONAL,1,45,5,61,50,14,MATEMATICAS, TEMAS SELECTOS DE MATEMATICAS,FISICA,INFORMATICA,QUIMICA,10.0,10.0,10.0,9.0,10.0,NINGUNO,SIMILAR,1,13,0,9,8
22,HOMBRE,INGENIERIA EN COMPUTACION,18,0,4,4,4,1,1,1,1,1,2,2,CAMPO,PENSAMIENTO LOGICO,ANALITICO,PENSAMIENTO MATEMATICO,DEDICACION,NOINFO,9.0,8.0,8.0,7.0,6.0,PERSONAL,1,43,24,24,56,1,COMPUTACION,MATEMATICAS,FISICA, PROGRAMACION BASICA, TUTORIA,9.0,9.0,8.0,9.0,10.0,TV/MEDIOS IMPRESOS,DIFERENTE,4,1,0,19,41
25,MUJER,TRABAJO SOCIAL,18,23,4,4,4,5,1,1,1,1,1,1,CAMPO,TRABAJO EN EQUIPO,RESOLVER PROBLEMAS,HABILIDADES COMUNICATIVAS,CREATIVIDAD,FLEXIBILIDAD,8.0,9.0,9.0,8.0,9.0,PERSONAL,1,6,41,35,5,82,ESTADISTICA, FILOSOFIA, DERECHO,ADMINISTRACION,NOINFO,9.0,10.0,9.0,9.0,0.0,NINGUNO,S/CARRERA,15,25,15,14,1
21,MUJER,INGENIERIA EN COMPUTACION,18,0,4,2,5,5,5,1,1,1,5,4,CAMPO,AUTODIDACTA,RESOLUCION DE PROBLEMAS,ANALISIS DE SISTEMAS,PROGRAMACION,TRABAJO EN EQUIPO,7.0,8.0,7.0,8.0,7.0,PERSONAL,1,11,23,112,8,3,MATEMATICAS, INFORMATICA,FISICA,NOINFO,NOINFO,9.0,10.0,10.0,0.0,0.0,NINGUNO,S/CARRERA,1,6,0,2,1
22,HOMBRE,INGENIERIA EN COMPUTACION,17,0,4,4,5,4,4,5,4,4,4,5,CAMPO,RESPONSABILIDAD,CONCENTRACION,TOLERANCIA,CREATIVIDAD,CAPACIDAD DE RESOLVER PROBLEMAS,8.0,9.0,10.0,8.0,10.0,PERSONAL,1,16,42,27,5,36,MATEMATICAS, INFORMATICA,COMPUTACION, TEMAS SELECTOS,ALGEBRA,9.0,10.0,9.0,8.0,10.0,CARRERA DE MODA,DIFERENTE,1,6,6,72,16
32,HOMBRE,INFORMATICA,30,13,4,4,4,1,4,3,4,4,1,1,CAMPO,RAZONAMIENTO,CREATIVIDAD,INGLES,DOCUMENTAR,ACTIVO,8.0,9.0,4.0,7.0,9.0,PERSONAL,1,9,2,32,104,77,COMPUTACION,MATEMATICAS,NOINFO,NOINFO,NOINFO,8.0,8.0,0.0,0.0,0.0,WEB / REDES SOC,S/CARRERA,4,1,1,2,1
22,HOMBRE,INGENIERIA EN COMPUTACION,16,0,5,5,5,5,5,5,5,5,5,5,CAMPO,PROGRAMACION,PLANIFICACION,ANALISIS DE SISTEMAS,HABILIDAD EN EL AMBITO MATEMATICO,CONOCIMIENTOS DE NORMAS,9.0,7.0,8.0,8.0,9.0,PERSONAL,1,19,33,112,106,45,CIBERNETICA,CALCULO,FISICA,MATEMATICAS,FILOSOFIA,10.0,9.0,6.0,10.0,10.0,NINGUNO,S/CARRERA,6,3,0,6,11
23,HOMBRE,ECONOMIA,20,26,4,4,5,2,4,1,1,1,4,4,OFICINAS,MATEMATICAS,TEORIA,ANALISIS E INVESTIGACION,NOINFO,NOINFO,10.0,10.0,9.0,9.0,9.0,PERSONAL,0,5,76,66,0,1,MATEMATICAS, ECONOMIA E HISTORIA,NOINFO,NOINFO,NOINFO,9.0,9.0,9.0,8.0,7.0,WEB / REDES SOC,DIFERENTE,1,63,1,2,1
21,HOMBRE,INGENIERIA EN COMPUTACION,18,0,5,5,5,5,3,5,4,4,5,3,CAMPO,AUTODIDACTA,LOGICA,APASIONADO,ASTUCIA,CREATIVIDAD,10.0,9.0,9.0,9.0,10.0,PERSONAL,1,11,5,73,82,4,MATEMATICAS,COMPUTACION,FISICA,NOINFO,NOINFO,8.0,9.0,6.0,0.0,0.0,NINGUNO,DIFERENTE,1,26,0,2,1
22,HOMBRE,INGENIERIA EN COMPUTACION,17,0,4,5,5,5,4,5,5,5,5,5,CAMPO,CREATIVIDAD,ANALITICO,PERSEVERANTE,NOINFO,NOINFO,9.0,8.0,8.0,5.0,5.0,PERSONAL,1,2,24,59,0,1,CIBERNETICA,CALCULO,MATEMATICAS,NOINFO,NOINFO,9.0,9.0,9.0,8.0,8.0,NINGUNO,S/CARRERA,6,3,8,2,1
21,HOMBRE,INGENIERIA EN COMPUTACION,17,0,5,5,5,1,4,1,4,1,5,4,OTROS,MATEMATICAS,SOCIALES,LOGICAS,DESTREZA,PACIENCIA,7.0,8.0,10.0,9.0,9.0,PERSONAL,3,5,86,93,9,7,CIBERNETICA,CALCULO, FILOSOFIA,ALGEBRA,GEOMETRIA ANALITICA,10.0,10.0,10.0,10.0,9.0,NINGUNO,S/CARRERA,6,3,14,5,18
22,MUJER,INGENIERIA EN COMPUTACION,14,0,4,4,5,1,4,4,5,5,4,3,CAMPO,CREATIVIDAD,DILIGENCIA,AUTODIDACTA,PROGRAMACION,MODELADO,3.0,3.0,3.0,2.0,3.0,PERSONAL,1,2,79,41,8,52,INFORMATICA,MATEMATICAS, LITERATURA,FISICA, ARTES PLASTICAS,10.0,8.0,8.0,7.0,10.0,WEB / REDES SOC,DIFERENTE,8,1,19,3,44
23,MUJER,INGENIERIA EN COMPUTACION,19,0,5,5,4,4,1,5,5,1,4,4,CAMPO,MATEMATICA,LOGICA,RAZONAMIENTO,SOLUCION DE PROBLEMAS,COMPRENSION,9.0,10.0,8.0,9.0,9.0,PERSONAL,1,14,5,21,103,20,MATEMATICAS, INFORMATICA, LOGICA,ALGEBRA,FISICA,9.0,9.0,10.0,10.0,10.0,NINGUNO,S/CARRERA,1,6,5,5,3
23,HOMBRE,INGENIERIA EN COMPUTACION,18,0,2,2,4,5,5,5,5,5,2,1,CAMPO,DISCIPLINA,CREATIVIDAD,EMPATIA,LIDERAZGO,AUTODIDACTA,7.0,9.0,9.0,8.0,9.0,PERSONAL,1,12,2,19,20,8,CIBERNETICA,CALCULO, PSICOLOGIA, CURSO ROBOTICA, CURSO COMPUTACION,10.0,9.0,10.0,10.0,10.0,WEB / REDES SOC,DIFERENTE,6,3,21,46,57
21,MUJER,INGENIERIA EN COMPUTACION,17,0,5,5,5,1,1,1,1,1,5,4,CAMPO,CONSTANCIA,COMPRENDER,ANALIZAR,PACIENCIA,SER ESTRUCTURADO,9.0,10.0,10.0,9.0,10.0,PERSONAL,1,18,77,101,15,75,MATEMATICAS,CIBERNETICA,COMPUTACION, CALCULO,NOINFO,10.0,10.0,9.0,10.0,0.0,NINGUNO,S/CARRERA,1,9,6,1,1
22,HOMBRE,INGENIERIA EN COMPUTACION,16,0,2,5,5,1,1,1,1,1,1,1,OTROS,DEDICACION,CONCENTRACION,PASION,ANALISIS,SENTIDO COMUN,8.0,5.0,9.0,10.0,9.0,FAMILIARES,3,21,42,49,11,79,CIBERNETICA, FILOSOFIA, CIENCIAS DE LA SALUD, LATIN, GEOGRAFIA,10.0,10.0,8.0,8.0,10.0,NINGUNO,S/CARRERA,6,25,18,44,61
23,HOMBRE,INGENIERIA MECANICA,19,7,4,4,5,3,4,4,5,4,4,4,OFICINAS,ANALITICO, CONOCIMIENTOS DE DIVERSAS AREAS DE LA INGENIERIA,TRABAJO EN EQUIPO,NOINFO,NOINFO,10.0,10.0,10.0,0.0,0.0,PERSONAL,0,17,58,8,0,1,MATEMATICAS,FISICA,QUIMICA,NOINFO,NOINFO,0.0,0.0,0.0,0.0,0.0,NINGUNO,S/CARRERA,1,2,2,2,1
53,HOMBRE,CONTADURIA,18,18,4,1,5,1,5,1,1,5,1,4,CAMPO,PACIENCIA, CONOCIMIENTOS DE DIVERSAS AREAS DE LA INGENIERIA,DISCIPLINA,CONSTANCIA,DEDICACION,8.0,10.0,9.0,10.0,10.0,PERSONAL,1,10,58,10,13,25,MATEMATICAS, ADMINISTRACION, ESTADISTICA, ETICA, PISCOLOGIA,8.0,10.0,7.0,10.0,10.0,NINGUNO,S/CARRERA,1,18,10,17,46
22,HOMBRE,INGENIERIA MECANICA,17,7,2,4,5,4,2,1,1,1,4,4,CAMPO,PACIENCIA,RESILIENCIA,INTELIGENCIA,CREATIVIDAD,DEDICACION,9.0,9.0,8.0,9.0,6.0,PERSONAL,1,10,66,14,5,25,MATEMATICAS,FISICA,QUIMICA, SALUD, DIBUJO,9.0,9.0,9.0,8.0,8.0,NINGUNO,DIFERENTE,1,2,2,26,48
21,HOMBRE,INGENIERIA ELECTRICA ELECTRONICA,17,2,1,1,5,5,5,1,1,1,1,5,EXTRANJERO,LIDERAZGO,LOGICA,MATEMATICA,RAZONAMIENTO,ENTREGA,2.0,3.0,3.0,3.0,3.0,PERSONAL,2,3,5,22,10,62,MATEMATICAS,FISICA, LOGICA, ETICA,QUIMICA,10.0,10.0,8.0,9.0,8.0,WEB / REDES SOC,S/CARRERA,1,2,5,17,8
21,MUJER,INGENIERIA EN COMPUTACION,16,0,4,5,5,1,3,5,5,1,1,2,CAMPO,PACIENCIA,CONTROL,RESPETO,EMPATIA,DEDICACION,10.0,7.0,10.0,3.0,10.0,PERSONAL,1,10,28,40,18,25,MATEMATICAS,CIBERNETICA,FISICA,INGLES,EXPRESION GRAFICA,10.0,10.0,8.0,8.0,0.0,WEB / REDES SOC,DIFERENTE,1,9,0,4,21
20,HOMBRE,INGENIERIA CIVIL,16,3,5,5,5,4,1,3,1,1,3,4,OTROS,LIDERAZGO,DECISION,COMPROMISO,NOINFO,NOINFO,7.0,7.0,6.0,0.0,0.0,PERSONAL,3,3,73,37,0,1,MATEMATICAS,NOINFO,NOINFO,NOINFO,NOINFO,8.0,0.0,0.0,0.0,0.0,TV/MEDIOS IMPRESOS,DIFERENTE,1,4,1,2,1
40,HOMBRE,SOCIOLOGIA,37,29,5,5,5,1,1,1,1,1,1,1,EXTRANJERO,ANALISIS,CRITICA,OBSERVACION,TEORIAS,EXPERIMENTACION,9.0,9.0,10.0,8.0,8.0,PERSONAL,2,1,101,108,85,61,ESTADISTICA, ESTETICA, ETICA, CIENCIAS POLITICAS Y SOCIALES, HISTORIA,8.0,10.0,9.0,10.0,10.0,NINGUNO,DIFERENTE,15,58,23,64,24
24,MUJER,INGENIERIA EN COMPUTACION,19,0,2,2,2,1,1,1,1,1,2,2,OTROS,ANALISIS,TRABAJO EN EQUIPO,TRABAJO BAJO PRESION,HABILIDAD DE PROGRAMACION,RESOLVER CASOS EN UN TIEMPO ESTABLECIDO,8.0,10.0,10.0,7.0,8.0,PERSONAL,3,1,19,15,118,97,MATEMATICAS,FISICA, LOGICA, ESPANOL,QUIMICA,9.0,9.0,10.0,10.0,8.0,NINGUNO,DIFERENTE,1,2,5,34,8
22,HOMBRE,INGENIERIA EN COMPUTACION,18,0,5,5,5,4,5,5,5,1,2,1,CAMPO,ANALISIS,RAZONAMIENTO,AUTOAPRENDIZAJE,PACIENCIA,ABSTRACCION,8.0,8.0,10.0,9.0,8.0,PERSONAL,1,1,12,88,15,15,INFORMATICA, ALGEBRA,DIBUJO, CALCULO INTEGRAL,GEOMETRIA ANALITICA,9.0,8.0,8.0,9.0,9.0,WEB / REDES SOC,DIFERENTE,8,16,11,57,18
22,MUJER,INGENIERIA PETROLERA,18,6,2,4,1,5,5,5,5,5,5,5,EXTRANJERO,ANALISIS,RESPUESTAS RAPIDAS,CREATIVIDAD,TRABAJO EN EQUIPO,TOMA DE DESICIONES,10.0,10.0,8.0,10.0,10.0,PERSONAL,2,1,98,4,2,9,MATEMATICAS, TEMAS SELECTOS DE MATEMATICAS,DIBUJO,QUIMICA,COMPUTACION,10.0,10.0,8.0,6.0,9.0,TV/MEDIOS IMPRESOS,DIFERENTE,1,13,11,7,2
22,HOMBRE,INGENIERIA EN TELECOMUNICACIONES,18,9,5,4,5,1,1,5,5,1,1,4,CAMPO,ANALISIS,INTERPRETACION,ORGANIZACION,CONSTANCIA,NOINFO,8.0,9.0,9.0,10.0,0.0,PERSONAL,1,1,97,13,13,1,MATEMATICAS,CALCULO, ESTADISTICA,COMPUTACION,NOINFO,10.0,9.0,10.0,10.0,0.0,NINGUNO,DIFERENTE,1,3,10,8,1
23,MUJER,ACTUARIA,15,19,5,5,5,5,5,1,1,1,1,1,CAMPO,ANALISIS,RESOLUCION DE PROBLEMAS,TRABAJO EN EQUIPO,PERSISTENCIA,NOINFO,9.0,8.0,10.0,10.0,0.0,PERSONAL,1,1,23,8,81,1,MATEMATICAS, TEMAS SELECTOS DE MATEMATICAS,NOINFO,NOINFO,NOINFO,9.0,9.0,0.0,0.0,0.0,NINGUNO,S/CARRERA,1,13,1,2,1
21,HOMBRE,INGENIERIA EN COMPUTACION,11,0,5,5,5,1,1,1,1,1,1,4,CAMPO,ANALISIS,TOMA DE DECISIONES,LOGICA,NOINFO,NOINFO,7.0,8.0,6.0,0.0,0.0,PERSONAL,1,1,20,5,0,1,INFORMATICA,NOINFO,NOINFO,NOINFO,NOINFO,8.0,0.0,0.0,0.0,0.0,NINGUNO,MISMA,8,4,1,2,1
20,MUJER,INGENIERIA EN TELECOMUNICACIONES,15,9,4,5,5,5,2,5,5,5,5,3,CAMPO,INGENIO,HABILIDAD NUMERICA,CREATIVIDAD,MEMORIA,RESPONSABILIDAD,8.0,8.0,9.0,8.0,10.0,PERSONAL,1,13,92,4,30,30,MATEMATICAS,FISICA,NOINFO,NOINFO,NOINFO,9.0,9.0,0.0,0.0,0.0,NINGUNO,DIFERENTE,1,2,1,2,1
20,MUJER,INGENIERIA EN COMPUTACION,13,0,5,5,4,5,5,5,5,3,1,3,OTROS,CALCULO,FISICA,PROGRAMACION,ALGEBRA Y ESTRUCTURAS DE DATOS,NOINFO,9.0,10.0,9.0,9.0,9.0,PERSONAL,3,80,34,26,121,1,CIBERNETICA,CALCULO,FISICA, MATEMATICAS Y QUIMICA,NOINFO,10.0,9.0,10.0,10.0,7.0,NINGUNO,DIFERENTE,6,3,0,75,1
26,HOMBRE,INGENIERIA EN COMPUTACION,22,0,2,4,4,1,1,1,1,1,4,4,CAMPO,LOGICA,CREATIVIDAD,DISENO,PACIENCIA,RAZONAMIENTO,4.0,4.0,4.0,5.0,5.0,PERSONAL,1,26,2,17,15,11,MATEMATICAS,FISICA,INGLES, ETICA, ECONOMIA,9.0,9.0,10.0,9.0,8.0,WEB / REDES SOC,S/CARRERA,1,2,16,17,22
22,HOMBRE,INGENIERIA EN COMPUTACION,18,0,5,5,5,4,4,5,5,5,1,1,OTROS,LOGICA,HABILIDAD MENTAL,RAZONAMIENTO,HABILIDAD MATEMATICA,INTELIGENCIA,9.0,9.0,8.0,10.0,9.0,PERSONAL,3,26,32,21,12,74,MATEMATICAS,FISICA,DIBUJO,INFORMATICA,ROBOTICA,10.0,10.0,10.0,10.0,10.0,WEB / REDES SOC,DIFERENTE,1,2,11,9,51
21,HOMBRE,INGENIERIA EN COMPUTACION,18,0,4,5,5,5,1,1,1,1,1,1,CAMPO,LOGICA,MATEMATICA,ALGORITMICA,ABSTRACCION,RAZONAMIENTO,2.0,2.0,2.0,2.0,2.0,PERSONAL,1,26,10,85,19,11,MATEMATICAS,LOGICA, MATES AVANZADAS, RAZONAMIENTO MATEMATICO E INFORMATICA,NOINFO,9.0,8.0,9.0,9.0,10.0,WEB / REDES SOC,DIFERENTE,1,5,49,61,1
22,HOMBRE,INGENIERIA EN COMPUTACION,17,0,4,2,5,1,1,5,5,1,1,5,CAMPO,LOGICA,MATEMATICA,COMPANERISMO,ABSTRACCION,INTERPRETACION,3.0,3.0,3.0,3.0,3.0,PERSONAL,1,26,10,54,19,29,COMPUTACION,MATEMATICAS,FISICA,FILOSOFIA, REDACCION,10.0,8.0,9.0,10.0,10.0,WEB / REDES SOC,DIFERENTE,4,1,0,0,17
19,MUJER,INGENIERIA MECANICA,18,7,5,5,1,5,1,5,5,1,1,1,EXTRANJERO,NOINFO,NOINFO,NOINFO,NOINFO,NOINFO,0.0,0.0,0.0,0.0,0.0,PERSONAL,2,4,3,1,0,1,MATEMATICAS,INGLES,FISICA,ALGEBRA,NOINFO,10.0,8.0,7.0,10.0,0.0,NINGUNO,S/CARRERA,1,14,0,5,1
31,HOMBRE,ANTROPOLOGIA SOCIAL,22,12,5,4,5,1,1,1,1,1,1,1,EXTRANJERO,CAPACIDAD DE ANALISIS,TRABAJO EN EQUIPO,CREACION DE PROYECTOS,RESOLUCION DE PROBLEMAS,NOINFO,9.0,7.0,8.0,9.0,8.0,PERSONAL,2,40,19,106,14,1,SOCIOLOGIA, ANTROPOLOGIA, ESTADISTICA, RECURSOS HUMANOS Y METODOLOGIA DE INVESTIGACION,NOINFO,7.0,8.0,8.0,9.0,10.0,TV/MEDIOS IMPRESOS,S/CARRERA,30,47,10,58,1
25,HOMBRE,INGENIERIA ELECTRICA ELECTRONICA,18,2,4,4,2,5,5,2,4,5,4,4,CAMPO,COMUNICACION,PERSEVERANCIA,ORGANIZACION,TRABAJO BAJO PRESION,NOINFO,6.0,9.0,8.0,7.0,8.0,PERSONAL,1,29,83,13,23,1,FISICA III, FISICA IV,GEOMETRIA ANALITICA, CALCULO DIFERENCIAL E INTEGRAL, INFORMATICA APLICADA A LA CIENCIA E INDUSTRIA,10.0,6.0,7.0,8.0,10.0,TV/MEDIOS IMPRESOS,S/CARRERA,46,33,31,29,40
23,MUJER,CIENCIAS DE LA COMUNICACION,18,35,2,2,2,5,5,5,5,5,1,1,OFICINAS,BUENA ORTOGRAFIA, CONOCIMIENTOS DE DIVERSAS AREAS DE LA INGENIERIA,CAPACIDAD DE SINTESIS,RAPIDEZ MENTAL,HABILIDAD PARA RESOLVER PROBLEMAS,9.0,9.0,10.0,9.0,9.0,PERSONAL,0,36,58,57,111,14,LITERATURA, DERECHO, INTO A LAS CIENCIAS SOCIALES, SOCIOLOGIA,LENGUA ESPANOLA,10.0,10.0,9.0,9.0,10.0,WEB / REDES SOC,S/CARRERA,17,0,33,51,20
24,MUJER,TRABAJO SOCIAL,17,23,4,5,1,1,1,1,1,1,1,1,EXTRANJERO,OBSERVACION,EMPATIA,COMPROMISO,ASERTIVIDAD,INTERES,10.0,10.0,10.0,9.0,10.0,PERSONAL,2,56,14,37,75,83,PSICOLOGIA, LECTURA,INGLES, ESTADISTICA,DERECHO,10.0,8.0,8.0,8.0,10.0,NINGUNO,S/CARRERA,0,40,16,18,9
22,HOMBRE,ADMINISTRACION,17,11,1,1,5,1,5,5,5,5,5,5,CAMPO,PLANEACION,LIDERAZGO,CREATIVIDAD,COMUNICACION Y ORGANIZACION,NOINFO,9.0,9.0,9.0,9.0,9.0,PERSONAL,1,61,0,4,51,1,PSICOLOGIA,MATEMATICAS, LOGICA, TEATRO,NOINFO,10.0,9.0,10.0,10.0,9.0,NINGUNO,SIMILAR,0,1,5,36,1
23,MUJER,DISENO Y COMUNICACION VISUAL,18,8,5,5,4,5,1,1,1,1,1,4,OFICINAS,DIBUJO,CREATIVIDAD,PACIENCIA,PRACTICA,DISCIPLINA,5.0,8.0,9.0,8.0,7.0,PERSONAL,0,34,2,16,25,10,GEOMETRIA,DIBUJO, LITERATURA,MATEMATICAS, HISTORIA,8.0,9.0,9.0,9.0,9.0,TV/MEDIOS IMPRESOS,DIFERENTE,12,15,19,6,24
24,MUJER,DISENO Y COMUNICACION VISUAL,13,8,5,5,5,1,1,1,1,1,1,2,OFICINAS,DIBUJO,CREATIVIDAD,CONCEPTUALIZACION,PRACTICA,NOINFO,9.0,8.0,9.0,9.0,7.0,PERSONAL,0,34,2,74,25,1,GEOMETRIA, LLEVE MATERIAS DE CARRERA TECNICA ASI QUE TAMBIEN ME AYUDARON MATEMATICAS,NOINFO,NOINFO,NOINFO,7.0,9.0,9.0,9.0,7.0,TV/MEDIOS IMPRESOS,DIFERENTE,12,57,1,2,1
22,HOMBRE,INGENIERIA ELECTRICA ELECTRONICA,18,2,4,4,5,1,1,5,5,5,1,1,EXTRANJERO,INGENIO,INTELIGENCIA,RAZONAMIENTO,ANALISIS,PLANEACION,7.0,7.0,6.0,7.0,7.0,PERSONAL,2,13,78,21,11,47,FISICA, FISICA II,CALCULO,QUIMICA, QUIMICA II,7.0,8.0,7.0,8.0,8.0,NINGUNO,S/CARRERA,3,42,7,7,59
18,MUJER,FISIOTERAPIA,17,22,4,5,5,1,5,1,5,5,1,1,OTROS,NOINFO,NOINFO,NOINFO,NOINFO,NOINFO,10.0,10.0,9.0,0.0,9.0,PERSONAL,3,4,3,1,0,1,BIOLOGIA,QUIMICA, BIOQUIMICA, SALUD, LECTURA,10.0,9.0,10.0,10.0,9.0,WEB / REDES SOC,DIFERENTE,20,8,51,26,53
22,HOMBRE,INGENIERIA EN COMPUTACION,17,0,5,5,4,5,1,1,1,1,4,3,CAMPO,CAPACIDAD DE ANALISIS,PENSAMIENTO LOGICO,RESOLUCION DE PROBLEMAS,CREATIVIDAD,TRABAJO BAJO PRESION,8.0,9.0,9.0,8.0,10.0,PERSONAL,1,40,6,2,5,38,CALCULO,CIBERNETICA,FISICA,INGLES,FILOSOFIA,7.0,10.0,9.0,10.0,10.0,NINGUNO,DIFERENTE,2,9,0,4,11
22,HOMBRE,INGENIERIA EN TELECOMUNICACIONES,17,9,4,4,5,5,1,1,5,5,4,4,EXTRANJERO,CAPACIDAD DE ANALISIS,ABSTRACTO,CREATIVIDAD,PLANEACION,CAPACIDAD DE RESOLVER PROBLEMAS,9.0,9.0,9.0,8.0,9.0,PERSONAL,2,40,36,4,6,36,CALCULO, ALGEBRA, GEOMETRIA,FISICA,QUIMICA,9.0,8.0,8.0,9.0,9.0,NINGUNO,DIFERENTE,2,16,3,3,8
22,MUJER,QFB,17,28,4,5,5,5,3,1,1,1,1,1,OFICINAS,ANALITICO,DEDICACION,PENSAMIENTO CRITICO,HABILIDAD MATEMATICA,CREATIVIDAD,10.0,7.0,9.0,8.0,8.0,PERSONAL,0,17,9,6,12,4,QUIMICA,FISICA, BIOLOGIA,MATEMATICAS, TEMAS SELECTOS DE MORFOFISIOLOGIA,10.0,10.0,8.0,8.0,10.0,NINGUNO,DIFERENTE,9,2,27,6,63
22,HOMBRE,ING.MATEMATICA,17,31,5,5,5,2,5,1,1,1,4,5,CAMPO,MANEJO DE INFORMACION,ANALISIS,CRITERIO,SABER TOMAR DECISIONES,PENSAMIENTO LOGICO,8.0,8.0,9.0,9.0,8.0,PERSONAL,1,52,7,25,116,28,ALGEBRA, ORIENTACION JUVENIL,CALCULO,PROBABILIDAD,ESTADISTICA,8.0,10.0,9.0,9.0,9.0,WEB / REDES SOC,S/CARRERA,5,41,7,13,15
35,MUJER,MEDICINA,18,10,5,5,1,1,1,1,1,1,1,1,OFICINAS,CAPACIDAD DE ANALISIS,TOLERANCIA A LA FRUSTRACION,EMPATIA,NOINFO,NOINFO,10.0,8.0,10.0,0.0,0.0,PERSONAL,0,40,55,19,0,1,QUIMICA, BIOLOGIA,FISICA,NOINFO,NOINFO,10.0,9.0,8.0,0.0,0.0,NINGUNO,S/CARRERA,9,20,0,2,1
23,HOMBRE,INGENIERIA EN COMPUTACION,18,0,5,5,5,4,5,2,4,1,5,5,CAMPO,RESPONSABILIDAD,TOMA DE DECISIONES,PENSAMIENTO ABSTRACTO,VISION DEL ENTORNO,NOINFO,9.0,9.0,8.0,9.0,1.0,PERSONAL,1,16,20,110,94,1,CALCULO, ALGEBRA,INFORMATICA,FISICA,NOINFO,8.0,8.0,10.0,7.0,8.0,WEB / REDES SOC,S/CARRERA,2,16,12,3,1
38,HOMBRE,INGENIERIA EN COMPUTACION,20,0,3,4,4,2,3,4,4,3,3,2,CAMPO,MANEJO DE INFORMACION,PROGRAMACION,TRABAJO BAJO PRESION,TRABAJO EN EQUIPO Y CONSTANTE ACTUALIZACION DE CONOCIMIENTOS,NOINFO,3.0,3.0,3.0,4.0,3.0,PERSONAL,1,52,15,15,117,1,CALCULO,QUIMICA,FISICA, PROBABILIDAD Y ESTADISTICA,NOINFO,4.0,4.0,5.0,4.0,4.0,NINGUNO,S/CARRERA,2,8,0,71,1
22,HOMBRE,DERECHO,19,15,5,5,4,4,5,4,4,3,2,4,CAMPO,CONOCIMIENTO,RESPONSABILIDAD,PERSISTENCIA,CAPACIDAD,TENACIDAD,8.0,8.0,8.0,10.0,9.0,PERSONAL,1,64,1,92,124,34,DERECHO,INGLES, LATIN, CIENCIA POLITICA, REDACCION,10.0,9.0,10.0,10.0,9.0,NINGUNO,S/CARRERA,25,14,47,33,17
22,HOMBRE,INGENIERIA EN COMPUTACION,18,0,5,5,5,5,5,5,5,5,5,5,CAMPO,RAZONAMIENTO,PENSAR,CREAR,ANALIZAR,IMPLEMENTAR,9.0,10.0,9.0,9.0,10.0,PERSONAL,1,9,50,81,39,89,ALGEBRA,LOGICA, GEOMETRIA, CALCULO, PROGRAMACION,10.0,10.0,10.0,10.0,10.0,TV/MEDIOS IMPRESOS,DIFERENTE,5,5,3,1,23
22,HOMBRE,INGENIERIA EN COMPUTACION,17,0,5,5,5,5,5,2,1,2,4,5,CAMPO,ABSTRACCION,NOINFO,NOINFO,NOINFO,NOINFO,8.0,8.0,10.0,10.0,10.0,PERSONAL,1,0,3,1,0,1,FISICA,NOINFO,NOINFO,NOINFO,NOINFO,8.0,10.0,9.0,0.0,0.0,NINGUNO,DIFERENTE,3,4,1,2,1
23,HOMBRE,INGENIERIA EN TELECOMUNICACIONES,17,9,4,4,4,1,1,4,1,1,1,4,EXTRANJERO,PROGRAMACION,TRABAJO BAJO PRESION,COMUNICACION,TRABAJO EN EQUIPO,RESOLUCION DE PROBLEMAS,6.0,9.0,8.0,9.0,9.0,PERSONAL,2,19,16,18,2,22,CALCULO,FISICA,QUIMICA,LOGICA, PROGRAMACION,8.0,9.0,9.0,9.0,8.0,NINGUNO,SIMILAR,2,2,2,10,23
23,HOMBRE,INGENIERIA EN COMPUTACION,12,0,5,5,5,3,2,5,5,1,5,2,CAMPO,RAZONAMIENTO,LOGICA,CREATIVIDAD,APRENDIZAJE,APTITUD NUMERICA,7.0,8.0,4.0,9.0,8.0,PERSONAL,1,9,5,4,72,67,CALCULO,FISICA, CIBERNETICA,LOGICA,NOINFO,10.0,7.0,10.0,9.0,0.0,NINGUNO,S/CARRERA,2,2,30,10,1
22,HOMBRE,INGENIERIA EN COMPUTACION,18,0,4,5,5,5,5,1,5,1,1,1,CAMPO,MATEMATICAS,RAZONAMIENTO,LIDERAZGO,TRABAJO EN EQUIPO,NOINFO,8.0,8.0,9.0,9.0,1.0,PERSONAL,1,5,12,12,2,1,ALGEBRA, INFORMATICA,CALCULO, GEOMETRIA,NOINFO,9.0,10.0,9.0,8.0,8.0,NINGUNO,S/CARRERA,5,6,7,15,1
22,MUJER,INGENIERIA QUIMICA,18,32,2,2,2,5,4,5,4,3,5,4,OTROS,MATEMATICAS,IMAGINACION,ABSTRACCION,NOINFO,NOINFO,5.0,7.0,7.0,0.0,0.0,PERSONAL,3,5,11,38,0,1,QUIMICA,ESTADISTICA,NOINFO,NOINFO,NOINFO,9.0,6.0,0.0,0.0,0.0,CARRERA DE MODA,S/CARRERA,9,12,1,2,1
22,HOMBRE,MATEMATICAS APLICADAS,20,25,5,5,5,4,5,1,1,1,5,5,CAMPO,MATEMATICA,NOINFO,NOINFO,NOINFO,NOINFO,10.0,10.0,10.0,10.0,10.0,PERSONAL,1,14,3,1,0,1,CALCULO, ALGEBRA,FISICA,QUIMICA,COMPUTACION,10.0,10.0,10.0,7.0,10.0,NINGUNO,S/CARRERA,2,16,0,7,2
22,MUJER,INGENIERIA EN COMPUTACION,17,0,5,5,4,5,3,5,5,1,4,3,CAMPO,DEDICACION,CREATIVIDAD,ANALISIS,PECIENCIA,DETERMINACION,9.0,9.0,9.0,8.0,9.0,PERSONAL,1,21,2,7,90,32,CALCULO,CIBERNETICA,FISICA,INGLES,MATEMATICAS,8.0,10.0,7.0,10.0,9.0,NINGUNO,DIFERENTE,2,9,0,4,5
23,MUJER,DERECHO,17,15,4,2,5,5,5,5,5,5,5,2,CAMPO,BUENA ORTOGRAFIA,METODOLOGIA,EXPRESION,SOCIABLE Y RESPETO,NOINFO,10.0,10.0,10.0,10.0,10.0,FAMILIARES,1,36,44,117,110,1,DERECHO, PSICOLOGIA, ETICA, ETIMOLOGIAS GRECOLATINAS E INGLES,NOINFO,10.0,10.0,10.0,10.0,8.0,NINGUNO,MISMA,25,30,23,65,1
20,HOMBRE,INGENIERIA MECATRONICA,12,4,5,5,4,1,2,1,5,2,1,2,OFICINAS,DEDICACION, CONOCIMIENTOS DE DIVERSAS AREAS DE LA INGENIERIA,PENSAMIENTO FLEXIBLE,PROGRAMACION,RESOLUCION DE PROBLEMAS,7.0,8.0,9.0,9.0,8.0,PERSONAL,0,21,58,116,8,22,CALCULO,FISICA,QUIMICA, ESTADISTICA, PROGRAMACION,10.0,9.0,9.0,10.0,10.0,TV/MEDIOS IMPRESOS,DIFERENTE,2,2,2,18,23
22,MUJER,INGENIERIA INDUSTRIAL,18,1,4,4,5,1,1,1,4,1,5,5,CAMPO,LIDERAZGO,ORGANIZACION,CREATIVIDAD,TRATO CON PERSONAS,IDIOMAS,7.0,8.0,9.0,10.0,10.0,PERSONAL,1,3,17,4,93,16,CALCULO,NOINFO,NOINFO,NOINFO,NOINFO,9.0,0.0,0.0,0.0,0.0,WEB / REDES SOC,DIFERENTE,2,4,1,2,1
23,HOMBRE,INGENIERIA MECATRONICA,18,4,2,3,5,5,5,3,5,5,5,5,CAMPO,ANALITICA,NOINFO,NOINFO,NOINFO,NOINFO,10.0,0.0,0.0,0.0,0.0,PERSONAL,1,66,3,1,0,1,NINGUNA,NOINFO,NOINFO,NOINFO,NOINFO,10.0,0.0,0.0,0.0,0.0,NINGUNO,DIFERENTE,13,4,1,2,1
23,HOMBRE,INGENIERIA EN COMPUTACION,17,0,2,5,5,1,2,5,1,1,2,5,CAMPO,PACIENCIA,DEDICACION,LOGICA,CAPACIDAD DE ANALISIS Y AUTODIDACTA,NOINFO,10.0,10.0,10.0,10.0,10.0,PERSONAL,1,10,9,5,27,1,CALCULO, ALGEBRA,FISICA, INFORMATICA Y PROGRAMACIONCOMPUTACION,NOINFO,9.0,9.0,9.0,9.0,9.0,NINGUNO,DIFERENTE,2,16,0,66,1
33,HOMBRE,MEDICINA,17,10,4,5,1,1,1,1,1,1,1,1,EXTRANJERO,LIDERAZGO,COMUNICACION,EMPATIA,DOCENCIA,DESTREZAS MANUALES PARA PROCEDIMIENTOS ESPECIFICOS,9.0,8.0,9.0,9.0,10.0,PERSONAL,2,3,72,19,44,96,QUIMICA, BIOLOGIA, CIENCIAS DE LA SALUD, FISICA Y ESTADISTICA,NOINFO,8.0,9.0,10.0,8.0,10.0,NINGUNO,S/CARRERA,9,20,18,76,1
24,HOMBRE,INGENIERIA EN COMPUTACION,15,0,4,4,5,1,1,5,5,1,5,1,EXTRANJERO,PROACTIVO,ANALITICO,TOLERANTE,AUTODIDACTA,ABSTRACCION,10.0,10.0,8.0,10.0,10.0,PERSONAL,2,27,24,91,107,15,NINGUNA, NINGUNA, NINGUNA, NINGUNA,COMPUTACION,10.0,10.0,10.0,10.0,10.0,NINGUNO,DIFERENTE,13,32,40,39,2
23,HOMBRE,INGENIERIA INDUSTRIAL,18,1,5,5,5,2,4,1,1,2,3,3,OFICINAS,ANALISIS,CREATIVIDAD,LIDERAZGO,COMPROMISO,NOINFO,9.0,10.0,8.0,10.0,0.0,PERSONAL,0,1,2,12,96,1,CALCULO,GEOMETRIA, ALGEBRA,NOINFO,NOINFO,9.0,10.0,9.0,0.0,0.0,NINGUNO,DIFERENTE,2,19,9,2,1
21,HOMBRE,INGENIERIA ELECTRICA ELECTRONICA,18,2,5,5,5,1,1,1,1,5,4,4,EXTRANJERO,ANALISIS,DISENO,CREATIVIDAD,ABSTRACCION,INTUICION,7.0,5.0,8.0,9.0,9.0,PERSONAL,2,1,65,4,19,78,ALGEBRA,CALCULO, LENGUAJE, GEOMETRIA,LOGICA,10.0,9.0,10.0,10.0,9.0,WEB / REDES SOC,SIMILAR,5,3,45,15,6
22,HOMBRE,INGENIERIA ELECTRICA ELECTRONICA,17,2,5,5,4,3,4,1,1,1,1,2,EXTRANJERO,DESTREZA,INGENIO,DISCIPLINA,CONSTANCIA,RESPONSABILIDAD,8.0,9.0,9.0,9.0,8.0,PERSONAL,2,30,8,10,13,30,ALGEBRA, CALCULO DIFERENCIAL,FISICA, CALCULO INTEGRAL, GEOMETRIA,9.0,10.0,10.0,10.0,9.0,NINGUNO,SIMILAR,5,11,0,57,7
24,HOMBRE,INGENIERIA EN COMPUTACION,16,0,5,5,5,1,1,1,1,3,4,4,CAMPO,ANALISIS,PRECISION,MATEMATICA,LOGICA,CREATIVIDAD,9.0,8.0,10.0,10.0,9.0,PERSONAL,1,1,46,22,1,4,CALCULO,ESTADISTICA, ELECTRICIDAD Y MAGNETISMO,FISICA,COMPUTACION,9.0,9.0,8.0,9.0,10.0,NINGUNO,S/CARRERA,2,12,37,3,2
22,MUJER,MEDICINA,18,10,5,5,1,5,3,5,5,3,3,1,EXTRANJERO,MEMORIA,EMPATIA,COMPRENSION,PERSEVERANCIA,DEDICACION,7.0,9.0,8.0,10.0,8.0,PERSONAL,2,67,14,23,32,25,QUIMICA, SALUD PUBLICA, MORFOLOGIA HUMANA,PSICOLOGIA,BIOLOGIA,10.0,10.0,8.0,10.0,9.0,NINGUNO,S/CARRERA,9,43,43,20,25
26,HOMBRE,INGENIERIA EN COMPUTACION,18,0,4,4,5,1,1,1,5,1,2,4,CAMPO,DOMINIO DEL IDIOMA INGLES,ANALITICO,PENSAMIENTO LOGICO,PROGRAMACION,EXPRESION,7.0,7.0,8.0,7.0,8.0,PERSONAL,1,33,24,45,8,19,CALCULO, BASES DE DATOS,NOINFO,NOINFO,NOINFO,9.0,10.0,0.0,0.0,0.0,NINGUNO,DIFERENTE,2,23,1,2,1
28,HOMBRE,INGENIERIA EN COMPUTACION,15,0,5,5,2,4,1,1,1,2,1,2,CAMPO,LOGICA,ATENCION A DETALLES,MANEJO DE CONCEPTOS ABSTRACTOS,RESOLUCION DE PROBLEMAS,NOINFO,10.0,10.0,10.0,10.0,10.0,PERSONAL,1,26,80,118,14,1,NINGUNA, NO TUVE MATERIAS AFIN,NOINFO,NOINFO,NOINFO,0.0,0.0,0.0,0.0,0.0,WEB / REDES SOC,S/CARRERA,13,35,1,2,1
18,HOMBRE,INGENIERIA PETROLERA,17,6,5,5,5,5,5,5,4,5,4,5,CAMPO,ANALIZAR,TRABAJO EN EQUIPO,RESOLVER PROBLEMAS,NEGOCIOS,HABLAR EN PUBLICO,8.0,9.0,8.0,8.0,9.0,PERSONAL,1,8,19,36,52,41,CALCULO,QUIMICA,FISICA, ESTADISTICA,NOINFO,9.0,8.0,9.0,10.0,0.0,TV/MEDIOS IMPRESOS,S/CARRERA,2,8,0,18,1
20,HOMBRE,INGENIERIA CIVIL ,17,3,4,4,5,5,5,5,5,5,5,5,CAMPO,NOINFO,NOINFO,NOINFO,NOINFO,NOINFO,9.0,6.0,7.0,0.0,0.0,PERSONAL,1,4,3,1,0,1,CALCULO,NOINFO,NOINFO,NOINFO,NOINFO,0.0,0.0,0.0,0.0,0.0,TV/MEDIOS IMPRESOS,S/CARRERA,2,4,1,2,1
21,HOMBRE,INGENIERIA MECANICA,17,7,2,4,5,1,4,5,1,2,4,4,EXTRANJERO,NOINFO,NOINFO,NOINFO,NOINFO,NOINFO,0.0,0.0,0.0,0.0,0.0,PERSONAL,2,4,3,1,0,1,CALCULO,FISICA, ESTADISTICAS,DIBUJO,INGLES,10.0,10.0,8.0,10.0,8.0,NINGUNO,S/CARRERA,2,2,38,11,0
22,HOMBRE,INGENIERIA EN TELECOMUNICACIONES,18,9,5,5,4,5,2,1,1,1,5,4,CAMPO,RESPONSABILIDAD,LIDERAZGO,NOINFO,NOINFO,NOINFO,4.0,3.0,0.0,0.0,0.0,PERSONAL,1,16,0,1,0,1,FISICA,MATEMATICAS,HISTORIA, SALUD,LITERATURA,10.0,10.0,8.0,9.0,8.0,NINGUNO,DIFERENTE,3,1,67,26,29
26,MUJER,INGENIERIA PETROLERA,18,6,5,4,5,5,5,2,5,5,5,5,EXTRANJERO,DISPOSICION,TIEMPO,NOINFO,NOINFO,NOINFO,8.0,8.0,0.0,0.0,0.0,PERSONAL,2,84,67,1,0,1,FISICA,NOINFO,NOINFO,NOINFO,NOINFO,9.0,0.0,0.0,0.0,0.0,NINGUNO,DIFERENTE,3,4,1,2,1
25,MUJER,ARQUITECTURA,20,14,5,5,5,1,5,1,5,1,5,1,EXTRANJERO,CREATIVIDAD,FACILIDAD DE TRABJO EN EQUIPO,DESTREZA,CALCULO,NOINFO,7.0,9.0,8.0,7.0,7.0,PERSONAL,2,2,4,95,36,1,DIBUJO, ARTES,CALCULO, GEOMETRIA,NOINFO,8.0,8.0,8.0,8.0,8.0,NINGUNO,S/CARRERA,11,39,7,15,1
23,HOMBRE,INGENIERIA EN COMPUTACION,19,0,4,4,4,2,2,1,2,1,4,4,CAMPO,ABSTRACCION,RESPONSABILIDAD,ANALISIS,ADMINISTRACION,NOINFO,8.0,8.0,8.0,8.0,8.0,PERSONAL,1,0,1,7,43,1,FISICA,QUIMICA,CALCULO, TEMAS SELECTOS DE MATEMATICAS Y COMPUTACION,NOINFO,9.0,9.0,9.0,9.0,9.0,WEB / REDES SOC,SIMILAR,3,8,7,23,1
22,MUJER,GEOLOGICA,17,39,5,4,5,5,5,5,5,1,4,1,OFICINAS,OBSERVACION,PACIENCIA,DISCIPLINA,CONDICION FISICA,FACILIDAD DE PALABRA,8.0,7.0,7.0,6.0,7.0,PERSONAL,0,56,13,10,40,90,FISICA,GEOGRAFIA,QUIMICA, BIOLOGIA,MATEMATICAS,9.0,8.0,10.0,9.0,10.0,NINGUNO,DIFERENTE,3,10,2,27,5
21,MUJER,INGENIERIA INDUSTRIAL,17,1,4,5,2,1,1,1,2,1,5,5,EXTRANJERO,COMPROMISO,NOINFO,NOINFO,NOINFO,NOINFO,3.0,3.0,3.0,3.0,3.0,PERSONAL,2,76,3,1,0,1,FISICA,NOINFO,NOINFO,NOINFO,NOINFO,4.0,4.0,4.0,4.0,4.0,NINGUNO,S/CARRERA,3,4,1,2,1
21,HOMBRE,INGENIERIA ELECTRICA ELECTRONICA,17,2,4,4,4,4,1,1,4,3,3,1,OFICINAS,CONSTANCIA,HABILIDAD MATEMATICA,VISION,PROGRAMACION,FISICA,5.0,6.0,8.0,7.0,6.0,PERSONAL,0,18,60,34,8,31,FISICA,MATEMATICAS,PROGRAMACION,QUIMICA,INGLES,8.0,8.0,10.0,9.0,8.0,NINGUNO,DIFERENTE,3,1,4,7,0
25,MUJER,INGENIERIA INDUSTRIAL,18,1,4,4,5,4,4,5,4,4,4,4,CAMPO,ACTITUD,HABLAR EN PUBLICO,LIDERAR,ANALIZAR,REDACCION,10.0,10.0,10.0,10.0,10.0,FAMILIARES,1,54,74,100,39,18,DIBUJO, ADMINISTRACION, ALGEBRA,QUIMICA, INFORMATICA,8.0,9.0,8.0,8.0,9.0,NINGUNO,MISMA,11,18,9,7,30
24,HOMBRE,INGENIERIA CIVIL,16,3,5,4,5,5,1,5,4,1,5,5,EXTRANJERO,RAZONAR,PENSAR,IMAGINAR,CALCULAR,CREATIVIDAD,10.0,10.0,10.0,10.0,10.0,PERSONAL,2,46,50,99,100,4,FISICA,CALCULO, ALGEBRA,DIBUJO, GEOMETRIA,9.0,8.0,9.0,9.0,10.0,TV/MEDIOS IMPRESOS,SIMILAR,3,3,9,11,7
22,MUJER,ARQUITECTURA,18,14,4,5,5,1,1,5,5,5,5,5,OFICINAS,DISENO, CONOCIMIENTOS DE DIVERSAS AREAS DE LA INGENIERIA,FACTIBILIDAD DE IDEAS,TRABAJO EN EQUIPO Y ORGANIZACION DE TIEMPOS,NOINFO,9.0,10.0,9.0,10.0,9.0,PERSONAL,0,31,58,102,108,1,DIBUJO,MATEMATICAS,FISICA, HISTORIA Y DERECHO,NOINFO,10.0,8.0,9.0,8.0,10.0,WEB / REDES SOC,MISMA,11,1,0,69,1
22,MUJER,INGENIERIA ELECTRICA ELECTRONICA,18,2,2,3,4,5,1,5,5,5,5,5,EXTRANJERO,LOGICA,ANALISIS,PENSAMIENTO CRITICO,FACILIDAD DE COMUNICACION,CAPACIDAD DE RESOLVER PROBLEMAS,8.0,8.0,10.0,10.0,9.0,PERSONAL,2,26,7,6,125,36,FISICA,MATEMATICAS,CALCULO INTEGRAL, CALCULO DIFERENCIAL, CIBERNETICA,10.0,9.0,10.0,10.0,9.0,NINGUNO,DIFERENTE,3,1,65,77,26
25,HOMBRE,MEDICINA,17,10,4,4,2,1,1,5,5,1,5,1,OFICINAS,EMPATIA,DESTREZA,MEMORIA,SOPORTE FISICO,COMPRENSION,10.0,8.0,7.0,8.0,9.0,PERSONAL,0,74,37,48,80,20,SALUD, BIOLOGIA,FISICA, MORFOFISIOLOGIA,QUIMICA,10.0,10.0,8.0,10.0,10.0,CARRERA DE MODA,MISMA,28,20,0,35,8
20,HOMBRE,INGENIERIA CIVIL,17,3,5,4,4,2,5,3,4,1,2,2,CAMPO,PACIENCIA,CREATIVIDAD,DOMINIO CONOCIMINETOS,ORDEN,EFICIENCIA,9.0,8.0,8.0,8.0,9.0,PERSONAL,1,10,2,103,67,56,MATE,FISICA,QUIMICA,INGLES,LOGICA,8.0,10.0,6.0,10.0,7.0,NINGUNO,DIFERENTE,22,2,2,4,6
21,HOMBRE,CONTADURIA,18,18,5,4,1,1,1,1,1,1,1,1,CAMPO,HABILIDAD MATEMATICA,DINAMICO,DISCIPLINADO,TOMA DE DECISIONES,RAZONAMIENTO,8.0,8.0,7.0,9.0,8.0,PERSONAL,1,45,95,69,4,11,NOINFO,NOINFO,NOINFO,NOINFO,NOINFO,0.0,0.0,0.0,0.0,0.0,NINGUNO,SIMILAR,7,4,1,2,1
22,HOMBRE,INGENIERIA EN COMPUTACION,17,0,5,5,4,2,5,5,5,5,5,5,CAMPO,COMUNICACION,ANALISIS,CREATIVIDAD,SOLUCION DE PROBLEMAS,TRABAJO EN EQUIPO,5.0,9.0,7.0,9.0,5.0,PERSONAL,1,29,7,4,103,3,NOINFO,NOINFO,NOINFO,NOINFO,NOINFO,0.0,0.0,0.0,0.0,0.0,NINGUNO,S/CARRERA,7,4,1,2,1
27,MUJER,ADMINISTRACION,24,11,5,5,5,1,5,1,1,1,1,1,OFICINAS,ANALISIS,TRABAJO EN EQUIPO,ADMON DEL TIEMPO,NOINFO,NOINFO,10.0,7.0,8.0,0.0,0.0,PERSONAL,0,1,19,52,0,1,NOINFO,NOINFO,NOINFO,NOINFO,NOINFO,0.0,0.0,0.0,0.0,0.0,WEB / REDES SOC,DIFERENTE,7,4,1,2,1
28,HOMBRE,INGENIERIA PETROLERA,20,6,5,5,5,5,5,4,5,4,4,4,EXTRANJERO,NOINFO,NOINFO,NOINFO,NOINFO,NOINFO,0.0,0.0,0.0,0.0,0.0,NOINFO,2,4,3,1,0,1,NOINFO,NOINFO,NOINFO,NOINFO,NOINFO,0.0,0.0,0.0,0.0,0.0,WEB / REDES SOC,DIFERENTE,7,4,1,2,1
21,HOMBRE,INGENIERIA EN COMPUTACION,17,0,4,4,1,1,1,5,5,1,1,1,CAMPO,NOINFO,NOINFO,NOINFO,NOINFO,NOINFO,0.0,0.0,0.0,0.0,0.0,PERSONAL,1,4,3,1,0,1,NOINFO,NOINFO,NOINFO,NOINFO,NOINFO,0.0,0.0,0.0,0.0,0.0,NINGUNO,S/CARRERA,7,4,1,2,1
22,HOMBRE,INGENIERIA EN COMPUTACION,16,0,5,5,5,2,5,3,5,5,5,5,CAMPO,NOINFO,NOINFO,NOINFO,NOINFO,NOINFO,10.0,10.0,10.0,10.0,10.0,PERSONAL,1,4,3,1,0,1,NOINFO,NOINFO,NOINFO,NOINFO,NOINFO,10.0,10.0,10.0,10.0,10.0,WEB / REDES SOC,S/CARRERA,7,4,1,2,1
22,MUJER,MEDICINA VETERINARIA,6,36,5,5,4,3,1,1,3,3,3,3,EXTRANJERO,NOINFO,NOINFO,NOINFO,NOINFO,NOINFO,0.0,0.0,4.0,0.0,0.0,PERSONAL,2,4,3,1,0,1,NOINFO,NOINFO,NOINFO,NOINFO,NOINFO,3.0,3.0,0.0,3.0,0.0,NINGUNO,DIFERENTE,7,4,1,2,1
22,HOMBRE,INGENIERIA EN COMPUTACION,17,0,4,2,2,1,1,1,5,5,2,1,CAMPO,MATEMATICAS,RESPONSABILIDAD,CONFIANZA,RAZONAMIENTO,ANALISIS,8.0,7.0,9.0,8.0,6.0,FAMILIARES,1,5,1,50,10,2,FISICA,CIBERNETICA,CALCULO,QUIMICA,MATEMATICAS,9.0,9.0,10.0,8.0,8.0,NINGUNO,DIFERENTE,3,9,7,7,5
23,HOMBRE,INGENIERIA EN COMPUTACION,19,0,4,4,4,2,5,1,2,1,4,4,OTROS,ABSTRACCION,RESPONSABILIDAD,ANALISIS,LIDERAZGO,INVESTIGACION,7.0,9.0,8.0,9.0,8.0,PERSONAL,3,0,1,7,20,6,COMPUTACION,MATEMATILCAS,FISICA,QUIMICA,TEMAS SELECTOS DE MATEMATICAS,10.0,8.0,9.0,9.0,8.0,NINGUNO,SIMILAR,4,29,0,7,27
22,HOMBRE,INGENIERIA PETROLERA,19,6,3,3,2,1,1,1,4,1,2,3,EXTRANJERO,MATEMATICAS,GEOMETRIA,ANALISIS,RAZONAMIENTO,FISICA,8.0,7.0,9.0,9.0,8.0,PERSONAL,2,5,84,7,10,31,MATEMATICAS,CIENCIAS,CIENCIAS SOCIALES,COMPUTACION,GEOLOGIA,9.0,8.0,10.0,10.0,8.0,NINGUNO,S/CARRERA,1,45,69,8,50
22,MUJER,INGENIERIA MECANICA,17,7,5,5,5,4,3,2,3,1,2,4,OTROS,PENSAMIENTO LOGICO,CONSTRUCCION,RAPIDEZ,PRECISION,INNOVACION,7.0,8.0,7.0,8.0,7.0,PERSONAL,3,43,75,28,83,68,MATEMATICAS,FISICA,QUIMICA,LOGICA,BIOLOGIA,7.0,9.0,6.0,8.0,9.0,NINGUNO,S/CARRERA,1,2,2,10,25
22,HOMBRE,INGENIERIA EN COMPUTACION,18,0,5,4,1,1,1,1,1,1,1,1,OTROS,LOGICA,MATEMATICAS,RESOLUCION DE PROBLEMAS,PROGRAMACION,ANALISIS,8.0,8.0,9.0,8.0,9.0,PERSONAL,3,26,31,2,8,2,MATEMATICAS,LOGICA,QUIMICA,INFORMATICA,FISICA,10.0,10.0,10.0,10.0,10.0,NINGUNO,S/CARRERA,1,5,2,9,3
21,HOMBRE,INGENIERIA EN COMPUTACION,17,0,4,4,2,2,5,5,5,2,4,4,CAMPO,CONSTANCIA,RESPONSABILIDAD,ADAPTACION,PLANIFICACION,INICIATIVA,8.0,7.0,8.0,7.0,6.0,PERSONAL,1,18,1,43,61,71,LOGICA,CALCULO,INFORMATICA,GEOMETRIA ANALITICA,FISICA,8.0,7.0,9.0,9.0,7.0,CARRERA DE MODA,DIFERENTE,21,3,12,25,3
21,HOMBRE,INGENIERIA PETROLERA,17,6,3,2,4,5,5,5,5,1,4,5,EXTRANJERO,INGENIO,INNOVACION,DEDICACION,SOCIABILIDAD,DISCIPLINA,7.0,6.0,8.0,8.0,9.0,PERSONAL,2,13,21,9,66,10,CALCULO DIFERENCIAL, CALCULO INTEGRAL,QUIMICA,FISICA, CIBERNETICA,8.0,8.0,8.0,8.0,8.0,NINGUNO,S/CARRERA,16,22,2,3,26
22,HOMBRE,INGENIERIA EN COMPUTACION,18,0,5,5,4,1,1,1,1,1,1,1,CAMPO,RESOLVER PROBLEMAS,RAZONAMIENTO,ANALISIS,CREATIVIDAD,ORGANIZACION,10.0,10.0,9.0,9.0,8.0,PERSONAL,1,15,12,7,5,0,INFORMATICA,MATEMATILCAS,FISICA,LOGICA,ORIENTACION EDUCATIVA,10.0,9.0,8.0,10.0,10.0,WEB / REDES SOC,DIFERENTE,8,29,0,10,33
22,HOMBRE,INGENIERIA PETROLERA,19,6,4,4,2,5,1,1,5,2,4,5,OTROS,MATEMATICAS,PREDECIR EVENTOS,RESOLUCION DE PROBLEMAS,TRABAJO BAJO PRESION,LIDERAZGO,8.0,7.0,10.0,9.0,10.0,PERSONAL,3,5,52,2,23,5,MATEMATICAS,FISICA,QUIMICA,GEOLOGIA, HISTORIA,10.0,10.0,10.0,8.0,6.0,WEB / REDES SOC,S/CARRERA,1,2,2,47,24
21,HOMBRE,INGENIERIA EN COMPUTACION,15,0,2,4,2,1,1,1,1,5,5,1,CAMPO,CONSTANCIA,DISCIPLINA,PASION,DESTREZA,VISION,10.0,8.0,8.0,8.0,9.0,PERSONAL,1,18,25,49,9,40,MATEMATICAS,INGLES,ETIMOLOGIAS GRECOLATINAS,QUIMICA,FISICA,10.0,10.0,9.0,9.0,9.0,WEB / REDES SOC,DIFERENTE,1,14,48,7,3
22,MUJER,INGENIERIA CIVIL,18,3,5,5,5,1,5,5,5,5,1,1,EXTRANJERO,MATEMATICAS,CREATIVIDAD,RESOLUCION DE PROBLEMAS,ABSTRACCION,CONSTANCIA,7.0,9.0,8.0,8.0,7.0,PERSONAL,2,5,2,2,19,17,MATEMATICAS,QUIMICA,DIBUJO CONSTRUCTIVO,FISICA,CALCULO,6.0,7.0,10.0,8.0,8.0,NINGUNO,S/CARRERA,1,8,68,3,4
22,HOMBRE,INGENIERIA EN COMPUTACION,18,0,5,4,5,2,3,2,1,3,1,2,OTROS,MATEMATICAS,LOGICA,ANALISIS,RESOLUCION DE PROBLEMAS,CONSTANCIA,9.0,9.0,9.0,9.0,10.0,PERSONAL,3,5,5,7,14,17,MATEMATICAS,FISICA,QUIMICA,INFORMATICA,MATEMATICAS AVANZADAS,10.0,8.0,9.0,10.0,8.0,WEB / REDES SOC,DIFERENTE,1,2,2,9,60
23,HOMBRE,INGENIERIA ELECTRICA ELECTRONICA,19,2,5,5,4,2,4,1,1,2,4,1,OFICINAS,PACIENCIA,OBSERVADOR,INGENIOSO,INVESTIGADOR,CREATIVIDAD,9.0,9.0,9.0,9.0,10.0,PERSONAL,0,10,26,77,69,4,MATEMATICAS, INFORMATICA,CALCULO,INGLES,COMPUTACION,9.0,10.0,8.0,7.0,8.0,NINGUNO,S/CARRERA,1,6,7,4,2
22,MUJER,INGENIERIA CIVIL,17,3,5,5,4,5,3,2,1,2,1,1,CAMPO,ESPACIAL,VERBAL,MATEMATICAS,SOCIAL,FINANCIERA,8.0,8.0,9.0,8.0,9.0,PERSONAL,1,71,93,20,74,76,QUIMICA,MATEMATICAS,FISICA, DIBUJO CONSTRUCTIVO,ETICA,9.0,10.0,9.0,8.0,10.0,NINGUNO,DIFERENTE,9,1,0,59,13
21,HOMBRE,INGENIERIA EN COMPUTACION,17,0,5,5,3,2,5,1,1,1,4,2,OTROS,ANALISIS, CONOCIMIENTOS DE DIVERSAS AREAS DE LA INGENIERIA,CREATIVIDAD,ABSTRACCION,INVESTIGACION,7.0,8.0,6.0,9.0,7.0,PERSONAL,3,1,58,4,19,6,LENGUAJES DE PROGRAMACION,CIRCUITOS LOGICOS COMBINATORIOS,CIRCUITOS LOGICOS SECUENCIALES,MICROELECTRONICA PROGRAMABLE,REDES DIGITALES,10.0,10.0,10.0,10.0,10.0,WEB / REDES SOC,DIFERENTE,10,49,32,48,43
22,HOMBRE,INGENIERIA EN COMPUTACION,17,0,4,4,5,5,1,2,4,1,4,4,CAMPO,AUTODIDACTA,CREATIVIDAD,PACIENCIA,TRABAJO EN EQUIPO,DISCIPLINA,8.0,7.0,8.0,6.0,6.0,PERSONAL,1,11,2,16,2,10,COMPUTACION, INFORMATICA, LOGICA,MATEMATICAS,FISICAS,9.0,8.0,9.0,9.0,8.0,WEB / REDES SOC,S/CARRERA,4,6,5,6,58
22,MUJER,INGENIERIA EN TELECOMUNICACIONES,17,9,5,5,2,4,3,3,5,2,4,5,OFICINAS,ELECTRONICA, CONOCIMIENTOS DE DIVERSAS AREAS DE LA INGENIERIA,DISENO Y MANTENIMIENTO DE ENLACES,MATEMATICAS,REDES DE DATOS,8.0,9.0,9.0,10.0,8.0,PERSONAL,0,59,58,111,91,95,CIBERNETICA,EXPRESION GRAFICA, FILOSOFIA,PSICOLOGIA,COMUNICACION,10.0,10.0,10.0,10.0,10.0,NINGUNO,DIFERENTE,6,51,14,20,12
22,HOMBRE,INGENIERIA EN COMPUTACION,15,0,4,4,2,5,1,1,2,1,5,2,OTROS,AUTODIDACTA,ABSTRACCION,RESOLUCION DE PROBLEMAS,CREATIVIDAD,TOMA DE DECISIONES,10.0,9.0,10.0,8.0,9.0,PERSONAL,3,11,39,2,5,88,CALCULO,FISICA,QUIMICA,MATEMATICAS,INGLES,10.0,8.0,10.0,10.0,9.0,WEB / REDES SOC,S/CARRERA,2,2,2,6,0
22,HOMBRE,INGENIERIA EN COMPUTACION,17,0,4,4,5,5,4,5,5,2,2,3,OFICINAS,PENSAMIENTO LOGICO,MATEMATICAS,ANALISIS,CREATIVIDAD,CONSTANCIA,8.0,8.0,8.0,8.0,7.0,PERSONAL,0,43,31,7,5,17,FISICA,MATEMATICAS,QUIMICA,INFORMATICA,COMUNICACION,6.0,8.0,9.0,9.0,10.0,TV/MEDIOS IMPRESOS,S/CARRERA,3,1,2,9,12
22,HOMBRE,INGENIERIA EN TELECOMUNICACIONES,18,9,4,4,2,2,1,4,1,2,4,2,EXTRANJERO,MATEMATICAS,CREATIVIDAD,CRITERIO,ABSTRACCION,ASERTIVIDAD,9.0,8.0,8.0,9.0,8.0,PERSONAL,2,5,2,25,19,86,MATEMATICAS,FISICA, TEMAS SELECTOS DE MATEMATICAS,QUIMICA,BIOLOGIA,10.0,10.0,9.0,9.0,8.0,NINGUNO,SIMILAR,1,2,72,7,25
23,HOMBRE,INGENIERIA MECATRONICA,17,4,2,5,2,4,1,5,5,1,4,1,OTROS,DEDICACION,RESOLUCION DE PROBLEMAS,ORGANIZACION,TRABAJO EN EQUIPO,TOMA DE DECISIONES,8.0,8.0,7.0,10.0,9.0,PERSONAL,3,21,23,13,2,88,CIBERNETICA,FISICA,CALCULO,COMPUTACION,COMUNICACION,10.0,10.0,10.0,9.0,8.0,NINGUNO,DIFERENTE,6,2,7,8,12
19,MUJER,INGENIERIA MECANICA,18,7,5,1,1,5,1,1,1,1,1,1,OTROS,RESOLUCION DE PROBLEMAS,RESPONSABILIDAD,PLANIFICACION,RESOLUCION DE PROBLEMAS,ORGANIZACION,9.0,10.0,7.0,9.0,10.0,PERSONAL,3,23,1,51,14,0,CALCULO,FISICA, FILOSOFIA,LITERATURA,QUIMICA,8.0,9.0,7.0,8.0,9.0,NINGUNO,S/CARRERA,2,2,14,22,8
26,HOMBRE,INGENIERIA MECANICA,18,7,1,1,1,1,1,5,1,1,1,1,EXTRANJERO,ADAPTACION,ORGANIZACION,DISCIPLINA,CONSTANCIA,PLANIFICACION,8.0,8.0,8.0,6.0,7.0,FAMILIARES,2,24,17,10,13,43,MATEMATICAS,FISICA,MECANICA,COMUNICACION,SOCIOLOGIA,7.0,10.0,9.0,6.0,9.0,NINGUNO,DIFERENTE,1,2,56,21,28
22,HOMBRE,INGENIERIA EN COMPUTACION,18,0,1,1,1,1,1,5,1,1,1,1,CAMPO,CONSTANCIA,INICIATIVA,ANALISIS,RESOLUCION DE PROBLEMAS,TRABAJO BAJO PRESION,10.0,9.0,7.0,10.0,8.0,PERSONAL,1,18,51,7,14,38,COMPUTACION,DISENO WEB,FISICA,FILOSOFIA,COMUNICACION,10.0,10.0,10.0,8.0,8.0,WEB / REDES SOC,S/CARRERA,4,54,0,0,12
19,MUJER,INGENIERIA EN COMPUTACION,15,0,5,5,3,5,1,1,1,1,1,3,CAMPO,MATEMATICAS,ORGANIZACION,DEDICACION,TRABAJO EN EQUIPO,DISCIPLINA,8.0,9.0,9.0,7.0,9.0,PERSONAL,1,5,17,9,2,10,COMPUTACION,OPCION TECNICA,MATEMATICAS,DIBUJO,DERECHO,10.0,10.0,9.0,10.0,8.0,NINGUNO,SIMILAR,4,27,8,11,9
24,MUJER,INGENIERIA PETROLERA,18,6,5,3,5,5,1,5,5,1,5,5,EXTRANJERO,IDIOMAS,PROGRAMACION,MATEMATICAS,TRABAJO EN EQUIPO,ANALISIS,3.0,9.0,9.0,6.0,6.0,PERSONAL,2,32,15,20,2,2,MATEMATICAS,FISICA,QUIMICA,PSICOLOGIA,COMPUTACION,9.0,10.0,8.0,9.0,8.0,CARRERA DE MODA,DIFERENTE,1,2,2,20,2
18,HOMBRE,INGENIERIA EN COMPUTACION,17,0,5,5,5,5,1,5,5,1,3,5,OTROS,PROGRAMACION,CONSTANCIA,DISCIPLINA,PLANIFICACION,RESOLUCION DE PROBLEMAS,8.0,7.0,9.0,7.0,9.0,PERSONAL,3,19,22,10,61,22,ESPANOL,MATEMATICAS,FISICA,ADMINISTRACION,COMPUTACION,9.0,8.0,9.0,9.0,10.0,CARRERA DE MODA,DIFERENTE,33,1,0,14,2
22,HOMBRE,INGENIERIA BIOMEDICA,19,34,5,5,3,1,1,1,1,1,1,1,OFICINAS,IDIOMAS,CREATIVIDAD,EMPATIA,ETICA,AUTODIDACTA,4.0,8.0,9.0,9.0,7.0,PERSONAL,0,32,2,19,28,8,BIOLOGIA,QUIMICA,ANATOMIA,MATEMATICAS,FISICA,8.0,7.0,8.0,9.0,9.0,CARRERA DE NUEVA,DIFERENTE,20,8,41,6,3
22,MUJER,INGENIERIA EN COMPUTACION,18,0,4,4,5,1,1,1,1,1,3,5,CAMPO,RESOLUCION DE PROBLEMAS,DEDICACION,MATEMATICAS,COMUNICACION Y ORGANIZACION,TOMA DE DESICIONES,9.0,7.0,7.0,9.0,10.0,PERSONAL,1,23,9,20,51,9,CIBERNETICA,FISICA,CALCULO,LITERATURA,OPCION TECNICA,10.0,9.0,10.0,10.0,10.0,CARRERA DE MODA,S/CARRERA,6,2,7,22,31
22,HOMBRE,INGENIERIA EN TELECOMUNICACIONES,19,9,3,1,5,5,1,1,1,1,4,1,EXTRANJERO,DISCIPLINA,CONSTANCIA,RESOLUCION DE PROBLEMAS,DEDICACION,ANALISIS,7.0,8.0,10.0,8.0,3.0,PERSONAL,2,12,22,2,56,2,COMPUTACION,MATEMATICAS,SOCIOLOGIA,COMUNICACION,FISICA,10.0,9.0,10.0,10.0,7.0,NINGUNO,DIFERENTE,4,1,55,21,3
18,HOMBRE,INGENIERIA PETROLERA,17,6,5,5,5,5,5,5,4,5,4,5,OFICINAS,MATEMATICAS,TRABAJO EN EQUIPO,RESOLUCION DE PROBLEMAS,NEGOCIAR,HABLAR EN PUBLICO,8.0,9.0,9.0,8.0,9.0,PERSONAL,0,5,19,2,97,41,CALCULO,QUIMICA,FISICA, ESTADISTICA,COMUNICACION,9.0,8.0,9.0,10.0,8.0,TV/MEDIOS IMPRESOS,S/CARRERA,2,8,0,18,12
20,HOMBRE,INGENIERIA CIVIL,18,3,5,5,4,2,5,4,5,5,2,4,OFICINAS,CREATIVIDAD,RESPONSABILIDAD,CONSTANCIA,INGLES,PROGRAMACION,8.0,8.0,7.0,4.0,4.0,PERSONAL,0,2,1,11,31,92,FISICA,QUIMICA,INGLES,MATEMATICAS,CALCULO,8.0,7.0,7.0,6.0,8.0,WEB / REDES SOC,DIFERENTE,3,8,16,6,4
22,HOMBRE,INGENIERIA GEOMATICA,17,33,3,4,2,1,1,1,5,1,1,4,EXTRANJERO,SOFTWARE, CONOCIMIENTOS DE DIVERSAS AREAS DE LA INGENIERIA,HIDRAULICA,E TOTAL,ESTADISITCA,8.0,6.0,7.0,10.0,8.0,PERSONAL,2,25,58,76,57,55,MATEMATICAS,FISICA,QUIMICA,PROGRAMACION,COMPUTACION,8.0,8.0,6.0,9.0,7.0,NINGUNO,S/CARRERA,1,2,2,32,2
21,MUJER,INGENIERIA EN COMPUTACION,16,0,4,5,5,1,3,5,5,1,1,2,CAMPO,PACIENCIA,CONTROL,RESPETO,EMPATIA,DEDICACION,10.0,7.0,10.0,3.0,10.0,PERSONAL,1,10,28,40,18,25,MATEMATICAS,CIBERNETICA,FISICA,INGLES,EXPRESION GRAFICA,10.0,10.0,8.0,8.0,10.0,WEB / REDES SOC,DIFERENTE,1,9,0,4,21
22,MUJER,INGENIERIA EN COMPUTACION,17,0,5,5,4,5,3,5,5,1,4,3,CAMPO,ANALISIS,CREATIVIDAD,DEDICACION,PACIENCIA,DETERMINACION,9.0,9.0,9.0,8.0,9.0,PERSONAL,1,1,2,9,15,32,CALCULO,CIBERNETICA,FISICA,INGLES,MATEMATICAS,8.0,10.0,7.0,10.0,9.0,NINGUNO,DIFERENTE,2,9,0,4,5
18,MUJER,INGENIERIA EN COMPUTACION,16,0,5,5,4,5,5,5,5,1,4,4,OTROS,ANALISIS,IMAGINACION,RESOLUCION DE PROBLEMAS,INNOVACION,CREATIVIDAD,9.0,8.0,9.0,8.0,9.0,PERSONAL,3,1,11,2,21,4,INFORMATICA,MATEMATICAS,FISICA, CALCULO,COMPUTACION,8.0,9.0,7.0,8.0,8.0,NINGUNO,S/CARRERA,8,1,0,1,2
19,HOMBRE,INGENIERIA INDUSTRIAL,18,1,4,4,2,1,5,1,1,2,2,5,OFICINAS,LIDERAZGO,INNOVACION,ESTRATEGIA,RAZONAMIENTO,ADAPTACION,7.0,10.0,8.0,10.0,10.0,PERSONAL,0,3,21,80,10,73,CALCULO,LATIN,FISICA,COMPUTACION,MATEMATICAS,10.0,10.0,10.0,10.0,10.0,NINGUNO,DIFERENTE,2,46,0,8,5
21,HOMBRE,INGENIERIA MECANICA,18,7,5,5,5,5,5,5,1,1,4,5,OTROS,CREATIVIDAD,INGENIO,RAZONAMIENTO,ADAPTACION,NEGOCIAR,9.0,9.0,8.0,8.0,8.0,FAMILIARES,3,2,8,21,35,80,CALCULO,MATEMATICAS,QUIMICA,FISICA,ESTADISTICA,9.0,8.0,8.0,8.0,8.0,NINGUNO,DIFERENTE,2,1,2,3,15
21,HOMBRE,INGENIERIA ELECTRICA ELECTRONICA,17,2,4,4,4,4,1,1,4,3,3,1,OFICINAS,CONSTANCIA,MATEMATICAS,VISION,PROGRAMACION,FISICA,5.0,6.0,8.0,7.0,6.0,PERSONAL,0,18,31,34,8,31,FISICA,MATEMATICAS,PROGRAMACION,QUIMICA,INGLES,8.0,8.0,10.0,9.0,8.0,NINGUNO,DIFERENTE,3,1,4,7,0
22,MUJER,INGENIERIA EN TELECOMUNICACIONES,17,9,4,4,4,1,1,1,2,4,4,4,EXTRANJERO,RAZONAMIENTO MATEMATICO,LOGICA,TRABAJO EN EQUIPO,CREATIVIDAD,AUTODIDACTA,8.0,8.0,4.0,8.0,8.0,PERSONAL,2,89,5,8,5,8,CALCULO,FISICA,MATEMATICAS,QUIMICA,LOGICA,10.0,10.0,9.0,10.0,9.0,CARRERA DE NUEVA,S/CARRERA,2,2,8,7,6
21,HOMBRE,INGENIERIA EN COMPUTACION,17,0,4,4,3,3,1,3,1,1,3,4,CAMPO,RAZONAMIENTO,INGENIO,ADAPTABILIDAD,INNOVACION,RESILENCIA,8.0,8.0,8.0,8.0,10.0,PERSONAL,1,9,8,75,21,84,CALCULO,FISICA, CIBERNETICA, ESTADISTICA,QUIMICA,7.0,9.0,9.0,8.0,8.0,NINGUNO,S/CARRERA,2,2,30,18,8
21,HOMBRE,INGENIERIA EN COMPUTACION,13,0,5,5,5,1,1,1,1,1,5,5,CAMPO,CONSTANCIA,EXTROVERTIDO,COMPROMISO,SEGURIDAD,EMPATIA,8.0,7.0,9.0,8.0,10.0,PERSONAL,1,18,18,37,64,35,MATEMATICAS, TEMAS SELECTOS DE MATEMATICAS,ORIENTACION EDUCATIVA,LITERATURA,CALCULO,8.0,9.0,10.0,10.0,8.0,WEB / REDES SOC,DIFERENTE,1,13,25,22,4
21,MUJER,INGENIERIA EN COMPUTACION,18,0,3,2,4,5,1,1,1,1,4,3,OTROS,CRITICO,RAZOMANIENTO LOGICO,PENSAMIENTO MATEMATICO,INTELIGENCIA,INVESTIGACION,8.0,6.0,5.0,5.0,9.0,PERSONAL,3,41,88,24,17,6,COMPUTACION, TEMAS SELECTOS DE MATEMATICAS, ETICA,ITALIANO,TEATRO,10.0,9.0,10.0,10.0,10.0,NINGUNO,DIFERENTE,4,13,23,42,49
24,HOMBRE,INGENIERIA MECATRONICA,18,4,4,4,3,4,2,5,5,3,1,4,OFICINAS,TRABAJAR BAJO PRESION,CONSTACIA,ORGANIZACION,HABILIDAD MATEMATICA,RESPONSABILIDAD,7.0,6.0,7.0,8.0,9.0,PERSONAL,0,47,29,13,12,30,CALCULO,GEOMETRIA ANALITICA,PROGRAMACION,MATEMATICAS,INGLES,6.0,8.0,8.0,7.0,8.0,NINGUNO,MISMA,2,17,4,6,0
24,HOMBRE,INGENIERIA EN COMPUTACION,18,0,4,3,4,3,3,1,3,3,2,4,OFICINAS,RESOLVER PROBLEMAS,DEDICACION,CRETIVIDAD,RAZONAMIENTO,TRABAJO EN EQUIPO,6.0,6.0,8.0,8.0,9.0,PERSONAL,0,15,9,53,10,3,MATEMATICAS,PROGRAMACION, GEOMETRIA,INGLES,CALCULO,6.0,6.0,7.0,7.0,7.0,NINGUNO,DIFERENTE,1,24,3,4,4
23,HOMBRE,INGENIERIA MECATRONICA,18,4,5,5,3,2,2,5,4,4,1,5,OFICINAS,DEDICACION,ORGANIZACION,RESPONSABILIDAD,EMPATIA,TOMA DE DESICIONES,9.0,7.0,9.0,9.0,9.0,PERSONAL,0,21,17,29,18,9,MATEMATICAS,FUNDAMENTOS DE PROGRAMACION,CONTABILIDAD,DIBUJO TECNICO,COMPUTACION,7.0,7.0,7.0,8.0,9.0,NINGUNO,S/CARRERA,1,59,59,52,2
24,HOMBRE,INGENIERIA CIVIL,18,3,5,4,4,2,3,5,4,3,1,5,EXTRANJERO,CONFIANZA,TRABAJO BAJO PRESION,CONSTANCIA,MANEJO DE PROBLEMAS,COMUNICACION,9.0,9.0,8.0,9.0,9.0,PERSONAL,2,73,16,11,112,27,DIBUJO TECNICO,MATEMATICAS, LITERATURA, CALCULO,CONTABILIDAD,8.0,9.0,9.0,9.0,8.0,NINGUNO,MISMA,43,1,19,1,34
24,MUJER,INGENIERIA CIVIL,17,3,5,5,5,3,4,5,4,4,2,5,EXTRANJERO,ANALIZAR,TRABAJO EN EQUIPO,DISCIPLINA,TRABAJO BAJO PRESION,CONSTANCIA,8.0,8.0,8.0,8.0,7.0,PERSONAL,2,8,19,10,23,17,DIBUJO TECNICO,MATEMATICAS,COMPUTACION,GEOMETRIA ANALITICA,INGLES,8.0,8.0,8.0,9.0,9.0,NINGUNO,S/CARRERA,43,1,6,25,0
24,MUJER,INGENIERIA EN COMPUTACION,18,0,3,3,5,4,4,5,5,5,3,5,CAMPO,INTEGRIDAD,PLANIFICACION,CONFIANZA,HONESTIDAD,DEDICACION,9.0,8.0,9.0,9.0,9.0,PERSONAL,1,82,33,50,26,25,FUNDAMENTOS DE PROGRAMACION,CONTABILIDAD,MATEMATICAS,COMPUTACION,CALCULO,8.0,9.0,9.0,9.0,9.0,NINGUNO,DIFERENTE,48,28,8,8,4
24,MUJER,INGENIERIA EN MINAS Y METALURGIA,17,17,4,4,3,2,2,5,5,3,2,4,EXTRANJERO,INICIATIVA,RESPONSABILIDAD,EMPATIA,HONESTIDAD,ORGANIZACION,9.0,9.0,7.0,9.0,9.0,PERSONAL,2,86,1,19,26,0,CALCULO,GEOGRAFIA,INGLES,DIBUJO TECNICO,QUIMICA,9.0,10.0,10.0,9.0,10.0,NINGUNO,DIFERENTE,2,10,16,52,8
23,HOMBRE,INGENIERIA MECATRONICA,17,4,5,4,5,4,3,1,2,1,2,4,CAMPO,FLEXIBILIDAD,RESOLVER PROBLEMAS,CONSTANCIA,RESPONSABILIDAD,CREATIVIDAD,6.0,7.0,7.0,8.0,8.0,PERSONAL,1,49,41,11,16,4,FISICA,GEOMETRIA ANALITICA,QUIMICA,COMPUTACION,CALCULO,8.0,8.0,9.0,9.0,7.0,NINGUNO,DIFERENTE,3,17,2,8,4
24,HOMBRE,INGENIERIA MECATRONICA,18,4,4,5,4,5,4,5,5,4,2,4,OTROS,ADAPTACION,HABILIDAD MATEMATICA,DEDICACION,TOMA DE DESICIONES,ANALISIS,8.0,8.0,7.0,9.0,8.0,PERSONAL,3,24,60,9,102,2,FISICA,MATEMATICAS,CALCULO,QUIMICA,GEOMETRIA ANALITICA,7.0,7.0,8.0,8.0,7.0,NINGUNO,MISMA,3,1,7,7,18
25,HOMBRE,INGENIERIA EN TELECOMUNICACIONES,18,9,3,3,4,2,2,5,4,2,2,5,CAMPO,TRABAJO EN EQUIPO,ADAPTACION,PLANIFICACION,TOMA DE DESICIONES,ANALISIS,8.0,7.0,9.0,8.0,8.0,PERSONAL,1,6,57,51,102,2,PROGRAMACION,FISICA,MATEMATICAS, CALCULO,INGLES,8.0,9.0,10.0,8.0,7.0,NINGUNO,DIFERENTE,19,2,8,1,0
24,MUJER,INGENIERIA EN COMPUTACION,18,0,5,5,4,1,1,1,1,1,3,1,OTROS,ORGANIZACION, CONOCIMIENTOS DE DIVERSAS AREAS DE LA INGENIERIA,RESOLUCION DE PROBLEMAS,NOINFO,NOINFO,9.0,9.0,9.0,0.0,0.0,PERSONAL,3,38,58,2,0,1,CALCULO,CIBERNETICA,COMPUTACION,NOINFO,NOINFO,7.0,10.0,10.0,0.0,0.0,NINGUNO,S/CARRERA,2,9,6,2,1
23,HOMBRE,INGENIERIA EN TELECOMUNICACIONES,18,9,4,5,1,5,5,5,5,1,3,1,EXTRANJERO,INGENIO,RESPONSABILIDAD,INTELIGENCIA,CONSTANCIA,HABILIDAD MATEMATICA,10.0,6.0,7.0,6.0,7.0,PERSONAL,2,13,1,14,13,37,CALCULO,CIBERNETICA,PROBABILIDAD,MATEMATICAS,FILOSOFIA,8.0,10.0,7.0,8.0,10.0,NINGUNO,S/CARRERA,2,9,17,6,11
24,HOMBRE,INGENIERIA EN COMPUTACION,18,0,5,4,5,1,4,5,5,1,1,4,CAMPO,PROGRAMACION,LIDERAZGO,ANALISIS,NOINFO,NOINFO,8.0,9.0,8.0,0.0,0.0,PERSONAL,1,19,0,7,0,1,CALCULO,CIBERNETICA,COMPUTACION,NOINFO,NOINFO,7.0,9.0,8.0,0.0,0.0,WEB / REDES SOC,S/CARRERA,2,9,6,2,1
22,MUJER,INGENIERIA EN COMPUTACION,12,0,5,4,5,4,4,5,5,5,5,2,OTROS,PENSAMIENTO ABSTRACTO,HABILIDAD MATEMATICA,PENSAMIENTO LOGICO,NOINFO,NOINFO,8.0,8.0,8.0,0.0,0.0,PERSONAL,3,20,60,45,0,1,INFORMATICA,MATEMATICAS,NOINFO,NOINFO,NOINFO,9.0,9.0,0.0,0.0,0.0,NINGUNO,S/CARRERA,8,1,1,2,1
24,MUJER,INGENIERIA PETROLERA,19,6,4,4,5,4,1,5,5,5,5,2,EXTRANJERO,TRABAJO EN EQUIPO,CAPACIDAD DE DECISCION,HABILIDAD MATEMATICA,TRABAJO BAJO PRESION,RESPONSABILIDAD,9.0,9.0,8.0,8.0,10.0,PERSONAL,2,6,35,65,23,30,HISTORIA,GEOGRAFIA,MATEMATICAS,NOINFO,NOINFO,10.0,10.0,8.0,0.0,0.0,TV/MEDIOS IMPRESOS,S/CARRERA,37,10,8,2,1
22,MUJER,INGENIERIA GEOFISICA,17,5,4,4,5,5,5,5,5,5,5,4,OTROS,INTERES POR LA TIERRA,FISICA,MATEMATICA,TRABAJO EN EQUIPO,NOINFO,10.0,10.0,10.0,10.0,0.0,PERSONAL,3,77,34,22,2,1,CALCULO,FISICA,QUIMICA,CIBERNETICA,COMPUTACION,10.0,8.0,8.0,10.0,10.0,NINGUNO,DIFERENTE,2,2,2,31,2
22,HOMBRE,INGENIERIA GEOFISICA,18,5,2,1,4,1,1,4,5,1,4,4,EXTRANJERO,TRABAJO EN EQUIPO,TRABAJO BAJO PRESION,HABILIDAD MATEMATICA,NOINFO,NOINFO,8.0,6.0,8.0,0.0,0.0,PERSONAL,2,6,16,65,0,1,CALCULO,FISICA,INFORMATICA,NOINFO,NOINFO,6.0,6.0,8.0,0.0,0.0,NINGUNO,S/CARRERA,2,2,12,2,1
23,HOMBRE,INGENIERIA EN COMPUTACION,18,0,4,3,3,3,3,5,5,1,1,3,OTROS,AGILIDAD MENTAL,RESPONSABILIDAD,RESOLUCION DE PROBLEMAS,LIDERAZGO,INGLES,7.0,8.0,9.0,10.0,6.0,PERSONAL,3,7,1,2,20,26,INFORMATICA,CALCULO,NOINFO,NOINFO,NOINFO,8.0,10.0,0.0,0.0,0.0,WEB / REDES SOC,DIFERENTE,8,3,1,2,1
23,HOMBRE,INGENIERIA EN COMPUTACION,18,0,4,4,5,5,1,1,5,1,5,5,CAMPO,CREATIVIDAD,RESOLUCION DE PROBLEMAS,PENSAMIENTO MATEMATICO,NOINFO,NOINFO,8.0,7.0,9.0,0.0,0.0,PERSONAL,1,2,23,24,0,1,INFORMATICA,MATEMATICAS,NOINFO,NOINFO,NOINFO,9.0,7.0,0.0,0.0,0.0,TV/MEDIOS IMPRESOS,S/CARRERA,8,1,1,2,1
23,MUJER,INGENIERIA ELECTRONICA,17,38,5,5,4,3,1,1,1,1,4,2,CAMPO,MATEMATICAS,PROGRAMACION,PENSAMIENTO CRITICO,PENSAMIENTO LOGICO,PENSAMIENTO ANALITICO,10.0,10.0,10.0,10.0,10.0,PERSONAL,1,5,15,6,3,57,MATEMATICAS,FISICA,PROGRAMACION,ANALISIS DE SISTEMAS Y SENALES,ESPANOL,9.0,9.0,9.0,9.0,10.0,NINGUNO,S/CARRERA,1,2,4,54,45
25,HOMBRE,INGENIERIA MECATRONICA,18,4,4,5,5,5,5,4,5,4,5,5,CAMPO,PERSEVERANCIA,LOGICA,DISCIPLINA,ADAPTABILIDAD,TRABAJO EN EQUIPO,9.0,9.0,8.0,8.0,8.0,PERSONAL,1,44,5,10,24,3,MATEMATICAS,FISICA,PROBABILIDAD,INGLES,GEOMETRIA ANALITICA,10.0,10.0,10.0,10.0,10.0,NINGUNO,S/CARRERA,1,2,17,4,18
27,HOMBRE,INGENIERIA MECATRONICA,17,4,4,4,5,5,3,1,2,1,1,5,EXTRANJERO,ADAPTACION,CREATIVIDAD,TRABAJO EN EQUIPO,HONESTIDAD,COMUNICACION,9.0,8.0,9.0,8.0,8.0,PERSONAL,2,24,2,8,26,27,MATEMATICAS,FISICA,ELECTRONICA,SISTEMAS,QUIMICA,9.0,8.0,9.0,8.0,7.0,NINGUNO,DIFERENTE,1,2,57,68,8
23,MUJER,INGENIERIA EN COMPUTACION,18,0,4,3,4,3,3,4,4,1,1,2,CAMPO,TOLERANCIA,RESPOSABILIDAD,CREATIVO,PENSAMIENTO LOGICO,TRABAJO EN EQUIPO,8.0,8.0,8.0,9.0,8.0,PERSONAL,1,51,43,83,3,3,MATEMATICAS,FISICA,CALCULO,FUNDAMENTOS DE PROGRAMACION,GEOMETRIA ANALITICA,8.0,7.0,7.0,8.0,7.0,NINGUNO,DIFERENTE,1,2,7,62,18
30,HOMBRE,INGENIERIA ELECTRICA ELECTRONICA,19,2,4,5,2,1,1,1,1,3,3,2,CAMPO,CREATIVIDAD,CONSTACIA,TRABAJO EN EQUIPO,PENSAMIENTO LOGICO,PENSAMIENTO ANALITICO,8.0,9.0,8.0,9.0,9.0,PERSONAL,1,2,29,8,3,57,ALGEBRA,FISICA,CALCULO,PROBABILIDAD,GEOMETRIA ANALITICA,8.0,7.0,9.0,8.0,10.0,NINGUNO,S/CARRERA,5,2,7,13,18
21,HOMBRE,INGENIERIA GEOFISICA,16,5,4,4,3,3,1,1,1,1,1,4,EXTRANJERO,TRABAJAR BAJO PRESION,RESPONSABILIDAD,PENSAMIENTO CRITICO,LOGICA,ORGANIZACION,9.0,9.0,9.0,8.0,9.0,PERSONAL,2,47,1,6,1,0,ALGEBRA,FISICA,GEOGRAFIA,GEOMETRIA ANALITICA,CALCULO,9.0,9.0,9.0,9.0,9.0,NINGUNO,MISMA,5,2,13,25,4
22,HOMBRE,INGENIERIA INDUSTRIAL,17,1,5,5,3,3,3,2,2,1,1,5,OTROS,LIDERAZGO,PLANIFICACION,PENSAMIENTO LOGICO,RESPONSABILIDAD,TRABAJO EN EQUIPO,8.0,8.0,9.0,8.0,9.0,PERSONAL,3,3,33,45,16,3,MATEMATICAS,INGLES,FUNDAMENTOS DE PROGRAMACION,PROBABILIDAD,FILOSOFIA,9.0,9.0,8.0,8.0,9.0,NINGUNO,DIFERENTE,1,14,29,13,11
26,MUJER,INGENIERIA MECATRONICA,17,4,5,5,2,2,3,2,3,2,3,4,OTROS,PROGRAMACION,PENSAMIENTO LOGICO,ANALITICO,PENSAMIENTO CRITICO,TRABAJO EN EQUIPO,8.0,9.0,9.0,9.0,9.0,PERSONAL,3,19,6,44,122,3,CALCULO,GEOMETRIA ANALITICA, ALGEBRA,PROBABILIDAD,LENGUA ESPANOLA,9.0,9.0,9.0,9.0,9.0,NINGUNO,DIFERENTE,2,17,9,13,20
26,HOMBRE,INGENIERIA MECATRONICA,18,4,4,5,1,2,2,3,2,3,1,5,CAMPO,TRABAJO EN EQUIPO,ANALITICO,PENSAMIENTO LOGICO,RESPONSABILIDAD,PENSAMIENTO MATEMATICO,8.0,10.0,10.0,8.0,10.0,PERSONAL,1,6,24,45,16,99,ALGEBRA,CALCULO,GEOMETRIA ANALITICA,FISICA,LENGUA ESPANOLA,8.0,10.0,9.0,9.0,10.0,NINGUNO,S/CARRERA,5,3,31,3,20
23,MUJER,INGENIERIA EN COMPUTACION,16,0,4,4,5,5,3,4,5,3,2,4,CAMPO,TRABAJO EN EQUIPO,RESPONSABILIDAD,PENSAMIENTO CRITICO,PERSEVERANCIA,PENSAMIENTO LOGICO,8.0,8.0,8.0,9.0,10.0,PERSONAL,1,6,1,6,32,28,GEOMETRIA ANALITICA,LOGICA, ALGEBRA,FISICA,PSICOLOGIA,10.0,9.0,8.0,9.0,8.0,NINGUNO,DIFERENTE,42,5,9,3,19
