EDAD,GENERO,CARRERA,EDAD_ELECCION_CARRERA,CARRERA_LO_QREALM_QUERIAS,APASIONA_TUCARRERA,OPORT_LABORALES,FERIAS_EXPO,REC_FINANCIEROS,PASE_AUTOMATICO,PROM_CALIF_MIN,DIST_ALA_UNIV,PRESTIG_TITULO,SALARIO_PROM,PLAN_ESTUDIOS_DETERMINANTE,TIPOS_ESPACIOS,OTROS_TIPO_ESPAC,HABILIDAD1,HABILIDAD2,HABILIDAD3,HABILIDAD4,HABILIDAD5,CALIF_HABIL1,CALIF_HABIL2,CALIF_HABIL3,CALIF_HABIL4,CALIF_HABIL5,ELECC_CARRERA,OTROS_ELEC_CARRERA,MATERIA1,MATERIA2,MATERIA3,MATERIA4,MATERIA5,CALIFM1,CALIFM2,CALIFM3,CALIFM4,CALIFM5,INFLU_MEDIATICA,CARR_PROF_PADRES,,,
22,Hombre,Ingenier°a en Computaci¢n,18,4,4,2,5,4,1,5,5,1,2,1,Oficinas,,Liderazgo,Proactivo,Innovaci¢n,Adaptabilidad,,7,8,6,8,,Personal,,Matematicas,Informatica,,,,9,10,,,,Ninguno,S/carrera,,,
21,Hombre,Ingenier°a en Computaci¢n,18,4,5,5,5,3,1,1,1,5,3,4,Oficinas,,Analisis,Observacion,Logica,Destreza,R/H,7,9,8,7,6,Personal,,Logica,Informatica,Psicologia,,,10,10,8,,,Web / Redes Soc,Diferente,,,
20,Hombre,Ingenier°a en Computaci¢n,15,4,5,5,4,4,5,3,3,3,3,4,Oficinas,,Ingenio,Disciplina,An†lisis,L¢gica,Orden,8,10,8,8,9,Personal,,Calculo,Cibernetica,,,,,,,,,Web / Redes Soc,S/carrera,,,
21,Mujer,Ingenier°a en Computaci¢n,18,4,4,3,5,5,1,1,1,1,1,4,Oficinas,,Capacidad de an†lisis,Capacidad de desarrollo,Trabajo en equipo,Hablar otro idioma,Autodidacta,9,9,10,7,10,Personal,,,,,,,,,,,,Ninguno,Diferente,,,
21,Mujer,Ingenier°a ElÇctrica Electr¢nica,17,1,4,5,5,1,1,1,3,1,1,1,Oficinas,,Abstraccion,Matem†tica,,,,9,8,,,,Personal,,Matematicas,Fisica,Idioma,,,8,10,10,,,Web / Redes Soc,Diferente,,,
20,Mujer,Ingenier°a Industrial,18,4,5,5,3,5,4,5,3,5,5,5,Oficinas,Industrias,Analisis,Investigacion,Resolver problemas,Atenci¢n,Observaci¢n,8,8,9,7,9,Personal,,Algebra,Calculo,Probabilidad,Economia,,7,8,8,7,,Ninguno,S/carrera,,,
19,Hombre,Ingenier°a en Computaci¢n,17,4,4,5,5,4,5,4,1,1,3,1,Extranjero,,Razonamiento,Imaginacion,Creatividad,Adaptacion,Actualizacion,7,8,8,9,7,Personal,,,,,,,,,,,,Web / Redes Soc,S/carrera,,,
22,Hombre,Ingenier°a Mecatr¢nica,18,4,4,5,2,1,1,3,1,1,2,5,Extranjero,,An†lisis,L¢gica,Aplicaci¢n,Destreza,Sociales,9,10,8,9,9,Personal,,Matem†ticas,F°sica,Computaci¢n,Qu°mica,,10,10,10,9,,Web / Redes Soc,Similar,,,
21,Hombre,Ingenier°a en Computaci¢n,19,5,5,4,1,2,2,4,4,2,2,4,Oficinas,,Analisis,Memoria,Comprension,Creatividad,Autodidacta,9,8,9,8,8,Personal,,Matem†ticas,F°sica,Inform†tica,,,8,8,9,,,TV/Medios impresos,Diferente,,,
20,Mujer,Ingenier°a en Computaci¢n,17,5,5,5,5,5,4,2,1,1,1,4,Oficinas,,Comprension,Trabajo en equipo,Logica,Analisis,,8,6,8,8,,Personal,,Matematicas,Computacion,Geometria,,,9,10,8,,,Ninguno,Misma,,,
27,Hombre,Ingenier°a Mec†nica,15,5,5,5,1,1,1,1,1,4,1,5,Campo,,Analizar,Generar,Estructurar,Investigar,Aplicar,9,9,9,8,10,Personal,,Fisica,Matematicas,Geometria,Quimica,Calculo,9,10,9,8,10,Web / Redes Soc,Diferente,,,
22,Hombre,Ingenier°a Geof°sica,18,5,4,5,1,5,5,1,1,1,4,5,Campo,,Matem†ticas,Programaci¢n,Comprension,Condici¢n f°sica,Facilidad de expresi¢n verbal,8,6,8,10,9,Personal,,Geolog°a y mineralog°a,Geograf°a,,,,10,9,,,,Ninguno,Similar,,,
21,Mujer,Ingenier°a en Computaci¢n,16,5,5,4,2,1,1,1,1,2,2,4,Oficinas,,Perseverancia,Ser observador,L¢gica,Tenacidad,Paciencia,10,8,9,9,10,Personal,,Inform†tica,Opci¢n tÇcnica,,,,10,9,,,,Ninguno,Diferente,,,
21,Hombre,Ingenier°a en Computaci¢n,18,5,4,2,5,5,5,5,5,1,3,4,Oficinas,,Disciplina,Profesionalismo,Proactivo,Curioso,,5,6,9,9,,Personal,,Matem†ticas,L¢gica,Espa§ol,,,10,9,8,,,Ninguno,Diferente,,,
21,Mujer,Ingenier°a en Computaci¢n,17,4,5,4,5,1,1,1,1,1,1,1,Oficinas,,Inteligencia,L¢gica,Paciencia,Disciplina,Perseverancia,9,8,2,7,8,Personal,,Filosof°a,Matem†ticas,F°sica,Computaci¢n,,6,10,8,9,,Ninguno,Diferente,,,
19,Hombre,Ingenier°a en Computaci¢n,17,5,5,,4,5,1,1,1,1,3,5,Oficinas,,Sociabilidad,Observaci¢n,Analisis,Planeaci¢n,,7,9,8,7,,Personal,,Inform†tica,Computacion,Algoritmos,Derecho,TIC,10,10,9,9,9,Ninguno,Similar,,,
19,Hombre,Ingenier°a en Computaci¢n,18,3,5,3,2,5,5,,3,4,3,1,Oficinas,,Disciplina,Pasion,Responsabilidad,Analisis,,8,9,10,10,,Personal,,Matematicas,Fisica,Logica,,,10,10,10,,,Web / Redes Soc,Diferente,,,
21,Hombre,Ingenier°a en Computaci¢n,18,2,4,5,5,4,4,4,1,4,3,2,Oficinas,,Creatividad,Pensamiento l¢gico,Dise§o,Habilidad Matematica,Trabajo en equipo,7,8,8,8,9,Personal,,Informatica,Calculo,Logica,Geometria,Algebra,10,8,10,9,10,Web / Redes Soc,Diferente,,,
26,Hombre,Ingenier°a en Computaci¢n,21,4,5,4,1,2,3,3,2,1,1,4,Extranjero,,Abstraccion,Logica,Habilidad Matem†tica,Resoluci¢n de problemas,Trabajo en equipo,9,8,8,8,5,Personal,,Programacion,Introduccion a la computacion,Redes digitales,Circuitos digitales,Dispositivos digitales,9,10,8,10,9,Web / Redes Soc,S/carrera,,,
22,Hombre,Ingenier°a en Computaci¢n,17,4,5,4,1,2,1,1,1,5,5,5,Extranjero,,Razonamiento logico,Paciencia,Habilidad Matem†tica,Resoluci¢n de problemas,Abstraccion,8,10,8,8,7,Personal,,Dise§o digital,Electronica,Fisica,Algebra,Electronica digital,10,10,10,9,10,Carrera de moda,S/carrera,,,
18,Hombre,Ingenier°a en Computaci¢n,18,5,5,4,4,1,5,5,1,1,2,1,,,Programar,Logica,Investigacion,Trabajo en equipo,Matematicas,9,10,8,8,9,Personal,,Matematicas,Logica,Inform†tica,,,8,9,8,,,Web / Redes Soc,Diferente,,,
22,Hombre,Ingenier°a Geof°sica,18,4,5,5,3,4,4,1,1,3,5,5,Campo,,matematica,campo,logica,computacional,interdiciplina,7,9,8,5,10,Personal,,calculo,geograf°a,fis°ca,computaci¢n,idiomas,8,9,8,5,8,Web / Redes Soc,Diferente,,,
22,Hombre,Ingenier°a Geof°sica,17,4,5,2,1,1,4,5,1,4,4,2,Extranjero,,matematica,fisica,analisis,computo,inglÇs,9,9,10,9,8,Personal,,calculo,etimologicas,fis°ca,derecho,psicologia,10,10,10,8,10,Carrera Nueva,Diferente,,,
20,Hombre,Ingenier°a Geof°sica,17,5,4,5,1,4,5,5,5,5,5,5,Campo,,matematica,lingÅistica,fisica,logica,espacial,9,9,9,9,8,Personal,,matematicas,fisica,orientaci¢n educativa,etimologicas,derecho,8,7,8,6,9,Ninguno,Diferente,,,
22,Hombre,Ingenier°a Geof°sica,17,4,4,5,5,5,5,1,5,3,3,5,Otros,todos,matematica,programacion,idiomas,espacial,redaccion,10,8,7,10,8,Personal,,calculo,geometria,derecho,dibujo,fisica,10,9,9,8,9,Ninguno,S/carrera,,,
22,Hombre,Ingenier°a Geof°sica,18,4,5,5,5,5,5,5,1,4,4,4,Campo,,fisico-matematica,ubiacion,imaginacion espacial,observacion,interpretacion,8,10,8,7,9,Personal,,fisica,quimica,matematicas,redaccio,idiomas,8,8,10,8,8,Ninguno,S/carrera,,,
22,Hombre,Ingenier°a Geof°sica,17,2,3,3,4,1,1,1,1,1,4,1,Extranjero,,abstracta,matematica,social,logica,redaccion,7,7,8,7,7,Personal,,calculo,fisica,dibujo,pintura,quimica,9,10,10,1,8,Ninguno,S/carrera,,,
21,Hombre,Ingenier°a Geof°sica,17,4,3,5,2,2,1,1,5,5,5,5,Campo,,fisica,matematica,programacion,inglÇs,exposicion de temas,9,10,9,10,9,Personal,,calculo,fisica,geometria,derecho,idiomas,9,9,8,8,9,Ninguno,Diferente,,,
21,Mujer,Ingenier°a Industrial,18,5,5,5,1,3,2,1,1,1,1,5,Extranjero,,Idioma,Analisis,Lectura,Sensibilidad,Investigacion,8,9,9,9,7,Personal,,Literatura,Historia,Lengua Espa§ola,,,10,10,9,,,Ninguno,Diferente,,,
22,Mujer,Ingenier°a Industrial,18,4,3,4,5,5,2,3,4,1,1,1,Oficinas,,Habilidad lectora,Ingles,Analisis,Investigacion,,7,8,8,8,,Personal,,Metodologia,Historia,Derecho,Logica,Matematicas,8,8,8,9,8,TV/Medios impresos,Diferente,,,
24,Mujer,Ingenier°a ElÇctrica Electr¢nica,19,5,5,4,3,4,1,1,1,3,5,3,,Todos,Matem†ticas,Creatividad,Expresion oral y escrita,,,7,7,7,,,Personal,,Fisica,Quimica,Matematicas,,,7,10,8,,,Ninguno,Similar,,,
19,Mujer,Ingenier°a en Computaci¢n,18,3,3,5,5,2,5,1,4,3,5,5,Oficinas,,Pensamiento abstracto,Analisis,Razonamiento,Creatividad,Organizaci¢n,7,7,7,5,5,Personal,,Matematicas,Temas selectos de matematicas,,,,10,9,,,,Ninguno,Diferente,,,
22,Hombre,Ingenier°a Geol¢gica,17,5,5,5,4,5,2,2,1,1,5,5,Campo,,Liderazgo,Idioma,Trabajo en quipo,Primeros Auxilios,Computaci¢n,7,6,10,5,8,Personal,,Algebra,Mec†nica,Geograf°a,C¢mputo,InglÇs,8,8,10,9,8,Ninguno,Diferente,,,
24,Hombre,Ingenier°a en Computaci¢n,18,4,4,4,4,4,4,4,4,4,4,4,Oficinas,,Proactivo,Razonamiento,Administraci¢n,Liderazgo,Empat°a,9,9,9,9,8,Personal,,,,,,,,,,,,Ninguno,S/carrera,,,
23,Hombre,Ingenier°a en Computaci¢n,18,4,5,5,5,1,5,5,1,2,2,1,Oficinas,,L¢gica,Paciencia,Constancia,êtica,Razonamiento,8,10,8,9,8,Familiares,,F°sica,Est†distica,C†lculo,Geometr°a,µlgebra,8,10,10,8,9,Ninguno,S/carrera,,,
26,Hombre,Ingenier°a en Computaci¢n,22,2,5,2,2,5,1,1,1,5,4,4,Oficinas,,Razonamiento,Curiosidad,Creatividad,L¢gica,Paciencia,8,8,7,8,10,Personal,,Matem†ticas,F°sica,Dise§o,InglÇs,êtica,9,8,9,8,9,Ninguno,Similar,,,
25,Hombre,Ingenier°a en Computaci¢n,15,2,2,5,4,4,5,5,1,4,4,1,Oficinas,,Liderazgo,Trabajo en equipo,Inteligencias,Disciplina,L¢gica,8,9,8,7,9,Personal,,Programaci¢n,L¢gica,Matem†ticas,Filosof°a,F°sica,7,8,9,8,8,Ninguno,Similar,,,
21,Hombre,Ingenier°a en Computaci¢n,16,4,3,5,5,1,3,2,1,2,3,4,Oficinas,,Ingenio,Responsabilidad,Criterio,Pensamiento Anal°tico,Abstracci¢n,8,7,9,9,8,Personal,,µlgebra,Inform†tica,Geometr°a Anal°tica,F°sica,C†lculo,9,10,8,10,9,Ninguno,Diferente,,,
22,Hombre,Ingenier°a en Computaci¢n,16,5,5,4,3,2,1,1,1,2,2,3,Oficinas,,Razonamiento,Dedicaci¢n,Paciencia,Practicar,Trabajo en equipo,8,8,9,8,7,Personal,,C†lculo,CibernÇtica,Matem†ticas,F°sica,Computaci¢n,,,,,,Web / Redes Soc,Diferente,,,
22,Mujer,Ingenier°a Geof°sica,17,4,5,5,1,2,3,1,1,4,4,5,Campo,,Programar,Geolog°a,Manejo de equipo,Interpretaci¢n,,6,8,8,7,,Personal,,Matem†ticas,C†lculo Diferencial,C†lculo Integral,,,9,10,9,,,Web / Redes Soc,Diferente,,,
22,Hombre,Ingenier°a en Telecomunicaciones,17,4,4,5,5,4,5,5,5,4,3,3,Oficinas,,Dise§o,Resoluci¢n de problemas,Habilidades comunicativas,Investigaci¢n,Habilidades inform†ticas,8,9,10,8,9,Personal,,C†lculo,CibernÇtica,Comunicaci¢n,F°sica,Econom°a,9,9,10,9,8,Web / Redes Soc,S/carrera,,,
22,Hombre,Ingenier°a en Computaci¢n,18,4,4,5,1,5,5,4,1,4,5,2,Extranjero,,Ingenio,Programaci¢n,Matem†ticas,Trabajo en equipo,Eficacia,8,6,9,8,9,Personal,,Matem†ticas,Qu°mica,Inform†tica,Psicolog°a,Derecho,10,9,9,8,6,Ninguno,Diferente,,,
21,Hombre,Ingenier°a en minas y metal urg°a ,17,2,3,5,1,4,5,5,2,4,5,1,Campo ,,Resolver problemas,An†lisis financiero ,Trabajo en equipo,Idiomas ,Conocimientos de normas,9,9,5,7,6,Otros ,No se exactamente ,C†lculo ,Administraci¢n ,Estad°stica ,Comunicaci¢n ,Matem†ticas ,8,10,9,10,10,Ninguno ,Similar ,,,
23,Mujer,Ingenieria geol¢gica ,17,4,4,5,2,2,2,2,2,1,2,2,Campo ,,Trabajo en equipo ,Idiomas,Conocimiento del contexto ambiental ,Geohistoria,L¢gica ,4,4,5,5,5,Personal ,,Qu°mica ,Matem†ticas,F°sica ,Termodin†mica ,Probabilidad ,8,8,8,,,Ninguno ,Diferente ,,,
18,Mujer,Ingenier°a civil ,15,5,3,4,4,5,5,1,1,2,3,1,Campo ,,Creatividad ,Ingenio ,Rapidez ,Desempe§o ,Excelencia ,5,5,5,5,2,Personal ,,Qu°mica ,F°sica ,C†lculo ,,,10,10,6,,,Tv/medios impresos ,Diferente ,,,
18,Mujer,Ingenier°a civil ,18,4,4,5,5,5,5,5,2,4,4,4,Campo ,,Imaginaci¢n ,Innovaci¢n ,Creatividad ,Desempe§o ,,8,8,9,8,,Personal ,,C†lculo ,Geometr°a anal°tica ,F°sica ,,,8,9,9,,,Tv/medios impresos ,Diferente ,,,
22,Hombre,Ingenier°a civil ,16,5,4,5,5,4,5,2,3,5,5,4,Campo ,,Imaginaci¢n ,Capacidad de extracci¢n ,Ense§ar ,,,7,8,8,8,,Personal ,,Matem†ticas ,F°sica ,Qu°mica ,Dibujo ,,7,10,8,9,,Ninguno ,S/carrera ,,,
20,Hombre,Ingenier°a en Computaci¢n,18,5,5,4,3,4,5,5,1,1,1,3,Oficinas ,,L¢gica ,Razonamiento ,Matem†ticas ,F°sica ,Disciplina ,8,8,7,7,10,Personal ,,C†lculo ,Programaci¢n ,Estad°stica ,F°sica ,µlgebra ,9,9,9,9,9,Ninguno ,Similar ,,,
24,Hombre,Ingenier°a industrial ,18,2,5,4,3,2,4,4,4,4,5,4,Oficinas ,,Razonamiento ,Toma de decisiones ,Ventas ,Trabajo bajo presi¢n ,Matem†ticas ,8,9,9,8,6,Personal ,,Matem†ticas ,Marketing ,Toma de decisiones ,Manofactura ,Idioma ,6,7,8,8,9,Web / Redes Soc,Diferente ,,,
20,Hombre,Ingenier°a en Computaci¢n,17,3,4,1,1,3,5,4,2,3,1,3,Extranjero ,,Disciplina ,Creatividad ,Trabajo ,Inteligencia ,Conocimiento ,7,8,6,9,8,Personal ,,C†lculo ,F°sica ,µlgebra ,CibernÇtica ,Redacci¢n ,8,9,8,10,7,Tv/medios impresos ,S/carreta ,,,
20,Hombre,Ingenier°a en Computaci¢n,17,4,5,5,4,5,1,1,1,5,5,4,Extranjero ,,Resolver problemas ,Plantear problemas ,Programar ,Trabajar en equipo ,Comunicaci¢n ,8,7,9,8,7,Personal ,,Programaci¢n de p†ginas web ,E-learning,POO,C†lculo ,InglÇs ,10,9,10,10,9,Tv/medios impresos ,Diferente ,,,
21,Hombre,Ingenier°a en Computaci¢n,18,5,5,5,5,2,1,1,1,1,1,5,Oficinas ,,Programaci¢n ,Obtener informaci¢n ,InglÇs ,Memoria ,Leer ,8,8,5,7,8,Personal ,,POO,EDA ll,Fundamentos dÇ programaci¢n ,GyPC,L. F. y A. ,8,8,9,7,8,Web / Redes Soc ,Diferente ,,,
23,Hombre,Ingenier°a en Computaci¢n,16,4,4,5,5,2,1,5,2,4,4,4,Oficinas,,Trabajo en equipo,Paciencia,Responsabilidad,Comprensi¢n,Dedicaci¢n,10,8,8,10,6,Personal,,Computaci¢n,Matem†ticas,,,,10,10,,,,Web / Redes Soc,Diferente ,,,
25,Mujer,Ingenier°a en Computaci¢n,18,4,4,5,5,5,5,5,5,2,1,1,Oficinas,,Autoaprendizaje,,,,,7,,,,,Personal,,Calculo,Cibernetica,,,,8,10,,,,Carrera de moda,S/carreta ,,,
23,Hombre,Ingenier°a en Computaci¢n,19,4,2,2,1,1,1,1,1,5,4,1,Oficinas,,An†lisis,Creatividad,Toma de decisiones,ser bilingÅe,liderazgo,7,7,7,7,6,Personal,,Matem†ticas,F°sica,,,,8,8,,,,Ninguno ,S/carreta ,,,
23,Hombre,Ingenier°a en Computaci¢n,16,4,5,5,4,5,1,3,5,5,4,5,Oficinas,,Destreza,Estrategia,Retenci¢n,Calculo Mental,Imaginaci¢n,9,8,8,9,8,Personal,,Calculo,F°sica,Programaci¢n,Qu°mica,Ortograf°a,9,8,8,10,10,Web / Redes Soc,Diferente ,,,
20,Mujer,Ingenier°a en Computaci¢n,13,5,5,5,5,4,1,1,1,4,1,5,Oficinas,,Trabajo en equipo,An†lisis,Resoluci¢n de problemas,L¢gica,,7,8,8,8,,Personal,,Matem†ticas,Computaci¢n,F°sica,InglÇs,,9,10,8,9,,Ninguno ,Similar,,,
22,Mujer,Ingenier°a en Computaci¢n,19,3,4,1,1,4,5,4,2,3,1,3,Oficinas,,Disciplina ,Innovaci¢n ,L¢gica ,Inteligencia ,Conocimiento ,7,8,6,9,8,Personal ,,C†lculo ,F°sica ,µlgebra ,,,10,9,10,,,Tv/medios impresos ,S/carreta ,,,
25,Mujer,Ingenier°a en Telecomunicaciones,18,2,2,5,5,5,5,5,1,4,4,1,Extranjero,,Autoaprendizaje,ser bilingÅe,Dedicaci¢n,,,8,9,8,,,Personal,,F°sica,Programaci¢n,Matem†ticas,Calculo,,6,8,7,8,,Ninguno,S/carreta ,,,
24,Hombre,Ingenier°a Geof°sica,20,5,5,5,4,5,2,2,1,1,5,5,Campo,,Liderazgo,ser bilingÅe,,,,7,6,,,,Personal,,Algebra,C¢mputo,Geograf°a,Qu°mica,,8,6,10,7,,Ninguno,Similar,,,
21,Mujer,Ingenier°a en Computaci¢n,19,4,3,4,4,5,3,4,4,4,4,4,Oficinas,,Proactivo,Paciencia,Logica,Liderazgo,Empat°a,9,8,8,8,6,Personal,,Calculo,Cibernetica,F°sica,,,6,9,8,,,Ninguno,Similar,,,
22,Mujer,Ingenier°a en Computaci¢n,17,4,5,2,5,2,5,5,4,2,2,1,Extranjero,,Administraci¢n,Razonamiento,An†lisis,Inteligencia ,Trabajo en equipo,7,7,9,10,7,Personal,,C†lculo,Est†distica,µlgebra,Programaci¢n,F°sica,9,7,6,6,,Ninguno,Diferente ,,,
19,Hombre,Ingenieria Petrolera,17,3,3,4,1,5,1,1,1,5,5,4,Campo,,Perseverancia,Extrovertido,Liderazgo,Idioma,Radical,9,7,8,7,8,Personal,,calculo,quimica,fisica,geografia,ingles,8,10,9,10,10,TV/Medios impresos,s/carrera,,,
18,Hombre,Ingenieria Petrolera,17,5,5,4,2,4,4,4,3,3,4,4,Campo,,Liderazgo,Idioma,Objetivo,Ingenioso,Radical,8,9,8,8,7,Personal,,calculo,quimica,fisica,ingles,,8,6,9,10,,Ninguno,Diferente,,,
19,Hombre,Ingenieria Petrolera,17,5,5,4,4,5,1,1,5,5,4,2,Oficinas,,Idioma,Extrovertido,Sociable,Radical,,9,9,9,9,9,Personal,,quimica,calculo,fisica,,,8,8,7,,,Ninguno,s/carrera,,,
20,Hombre,Ingenieria Civil,18,5,5,4,5,2,5,3,1,3,4,3,extranjero,,Imaginacion,Liderazgo,Pensamiento matematico,etica profesional,redactar,8,8,9,9,9,Personal,,fisica,Matematicas,Quimica,,,6,8,7,,,Ninguno,Misma,,,
19,Hombre,Ingenieria Petrolera,17,5,5,4,1,2,5,4,4,4,2,2,Campo,,Liderazgo,Objetividad,Inteligencia,Esfuerzo,Idioma,7,10,10,9,7,Personal,,calculo,ingles,Quimica,fisica,psicologia,7,7,9,6,7,TV/Medios impresos,Diferente,,,
19,Hombre,Ingenieria Civil,17,5,5,5,5,4,5,5,1,1,1,2,Oficinas,,Creatividad,Resolver problemas ,,,,7,7,,,,Personal,,Matematicas,dibujo,fisica,,,8,8,9,,,Web / Redes Soc,s/carrera,,,
19,Hombre,Ingenieria Civil,15,2,3,3,2,4,4,4,5,4,3,4,Campo,,Analisis,Criterio,Analisis matematico,Liderazgo,Creatividad,7,8,6,7,8,Personal,,Algebra,calculo diferencial,calculo integral,probabilidad,ingles,8,9,9,7,8,Web / Redes Soc,Diferente,,,
20,Mujer,Ingenieria civil,16,5,5,3,2,5,4,4,1,1,1,4,Campo,,Liderazgo,Creatividad,,,,9,8,,,,Personal,,Fisica,calculo,Quimica,,,9,10,8,,,Web / Redes Soc,s/carrera,,,
20,Mujer,Ingenieria Civil,17,4,4,5,5,5,4,5,3,1,1,3,Campo,,Innovacion,Liderazgo,Creatividad,Iniciativa,,6,8,8,9,,Personal,,Fisica,Matematicas,dise§o,Quimica,,8,9,10,10,,Ninguno,Diferente,,,
19,Hombre,Ingenieria Civil,17,5,5,5,5,5,4,3,3,3,4,5,Campo,,Habilidad Matematica,Liderazgo,Creatividad,capacidad de analisis,sociales,8,9,8,8,8,Personal,,Fisica,Matematicas,Quimica,dibujo,fisico-quimica,9,9,8,10,9,Ninguno,Diferente,,,
27,Hombre,Ingenier°a Civil,18,4,5,4,1,2,1,1,2,3,2,4,Campo,,Sentido Com£n,Responsabilidad,Comunicaci¢n,Fisico-Matem†ticas,Trabajo en equipo,9,8,9,9,8,Personal,,F°sica,Matem†ticas,Qu°mica,êtica Profesioanal,Orientaci¢n Educativa,9,9,8,10,10,Ninguno,Similar,,,
55,Hombre,Arquitectura,16,5,5,4,4,4,1,1,5,5,1,2,Campo,,An†lisis,Toma de decisiones,Programaci¢n de actividades,Control,Eficiencia,9,9,8,9,9,Personal,,F°sica,Matem†ticas,Dibujo,Biolog°a,êtica,8,8,10,8,9,Ninguno,S/carrera,,,
40,Hombre,Ingenier°a en Computaci¢n,17,4,5,5,1,5,4,4,3,1,2,2,Oficinas,,L¢gica,Creatividad,Capacidad de Abstracci¢n,,,8,9,8,,,Personal,,C†lculo,F°sica,EstÇtica,Administraci¢n,,9,8,10,7,,Ninguno,Diferente,,,
29,Mujer,Inform†tica,19,4,3,3,3,3,4,4,1,3,3,2,Oficinas,,Comunicaci¢n,Objetividad,pragm†tica,Creatividad,Meticulosa,6,7,7,8,8,Personal,,MatÇmaticas,,,,,8,,,,,Ninguno,S/carrera,,,
20,Mujer,Administraci¢n,18,4,4,5,5,5,1,5,5,5,4,5,Oficinas,,Liderazgo,An†lisis de riesgos,Toma de decisiones,Comunicaci¢n,Habilidad Matem†tica,9,9,8,9,6,Personal,,Administraci¢n,Derecho,Estad°stica,Historia Universal,,10,10,10,10,,Ninguno,Similar,,,
35,Hombre,Ingenier°a de Software,30,5,5,4,1,3,1,4,2,3,3,4,Oficinas,,Desarrollo,Creatividad,Dise§o,An†lisis,,8,8,8,8,,Personal,,Computaci¢n,Matem†ticas,,,,10,9,,,,Web / Redes Soc,Diferente,,,
25,Hombre,Ingenier°a en Computaci¢n,17,5,4,5,1,5,5,5,5,4,4,5,Oficinas,,An†lisis,Actitud,Emprendimiento,Liderazgo,Paciencia,9,10,8,8,9,Personal,,CibernÇtica y Computaci¢n,F°sica,C†lculo,Qu°mica,,10,10,10,10,,Web / Redes Soc,S/carrera,,,
22,Hombre,Administraci¢n,18,5,5,4,4,4,1,1,1,1,1,4,Oficinas,,Dinamismo,An†lisis,Compa§erismo,Influyente,Facilidad de palabra,9,10,9,8,8,Personal,,Estad°stica,Contabilidad y Administraci¢n,Geoeconom°a,Int. al estudio de CIencias Sociales,,10,10,10,9,,Ninguno,Diferente,,,
21,Hombre,Administraci¢n,17,5,5,4,5,4,4,4,2,3,1,4,Oficinas,,Liderazgo,Negociaci¢n,Comunicaci¢n,Toma de decisiones,Estrategia,9,8,10,9,10,Personal,,Administraci¢n,Contabilidad ,Matem†ticas,Derecho,Estad°stica,10,8,9,10,10,Web / Redes Soc,Diferente,,,
33,Hombre,Dise§o y Comunicaci¢n Visual,16,2,1,2,1,2,5,5,4,1,2,2,Oficinas,,Creatividad,Improvisaci¢n,Constancia,Perseverancia,,6,5,5,4,,Personal,,EstÇtica,Dibujo,,,,8,9,,,,Ninguno,Diferente,,,
21,Mujer,Ingenieria Industrial,18,5,5,4,5,2,1,2,1,1,2,4,Oficinas,,analisis,liderazgo,sintesis,emprendedro,organizado,9,8,10,9,10,Personal,,Matematicas,quimica,fisica,probabilidad,literatura,9,10,8,9,10,Ninguno,Diferente,,,
22,Hombre,Ingenieria Industrial,19,3,1,5,5,5,3,3,1,4,5,3,Oficinas,,organizaci¢n,inovacion,planeacion,control,produccion,8,9,8,9,9,Personal,,fisica,calculo,ingles,Quimica,estadistica,9,8,10,8,8,Ninguno,Diferente,,,
22,hombre,Ingenieria Industrial,18,4,4,5,5,5,5,5,5,5,5,4,Extranjero,,Creatividad,criterio analitico,inovacion,empatia,liderazgo,8,9,8,8,8,Personal,,matematicas,ingles,,,,8,9,,,,Ninguno,S/carrera,,,
21,Mujer,Ingenieria Industrial,18,2,4,5,5,5,5,5,5,5,5,5,Campo,,Creatividad,visualizar a largo plazo,analista,recto,,9,9,8,8,,Familiares,,geometria,Historia de Mexico,fisica,algebra,,9,10,10,10,,TV/Medios impresos,S/carrera,,,
21,Hombre,Ingenieria Industrial,19,3,2,5,1,4,1,1,1,5,3,2,Extranjero,fabricas,etica,negocios,contabilidad,administracion,liderazgo,9,10,7,9,8,Personal,,Matematicas,fisica,quimica,informatica,temas selectos de mate,10,10,8,10,10,Ninguno,similar,,,
23,hombre,ingenieria computacion,17,4,4,1,1,1,4,5,1,1,4,1,Oficinas,,razonamiento ,Trabajo en equipo,autodidacta,Razonamiento,,8,7,9,9,,Personal,,computo,calculo,fisica,Matematicas,,10,8,7,8,,Ninguno,S/carrera,,,
23,Hombre,ingenieria computacion,18,4,4,4,4,,3,3,4,1,3,3,Oficinas,,emprender,reflexionar,resolver problemas,analisis,,8,8,9,8,,Personal,,calculo,fisica,computacion,algebra,,8,8,9,10,,TV/Medios impresos,S/carrera,,,
22,mujer,ingenieria sistemas biomedico,19,5,5,5,1,2,1,1,1,2,2,2,otros,hospitales,integrar conceptos,trabajo equipo,altruismo,entendimiento,conceptos de electronica,9,8,9,10,9,Personal,,fisica,biologia,quimica,etica,salud,9,10,10,10,10,carrera nueva,diferente,,,
21,hombre,Ingenieria Industrial,18,5,5,5,1,5,1,1,5,5,5,5,oficinas,,liderazgo,disiplina,perseverancia,trabajo en equipo,actitud,10,10,10,10,10,Personal,,matematicas,calculo,fisica,algebra,,10,9,9,9,,TV/Medios impresos,S/carrera,,,
21,hombre,Ingenieria Industrial,18,5,4,5,5,5,5,5,5,4,4,4,Extranjero,,disiplina,liderazgo,perseverancia,matematica,Toma de desiciones,9,7,10,8,7,Personal,,matematicas,temas selectos de mat.,fisica,estadistica,,8,10,8,9,,Ninguno,diferente,,,
25,Hombre,Ingenieria en computacion,16,5,5,5,5,5,5,5,1,5,5,5,Oficinas,,Creatividad,Constancia,Pensamiento crtitico,Eficacia,Ingles,10,7,8,7,9,Personal,,Algebra,Fisica,Quimica,Administracion,Filosofia,10,8,7,8,10,TV/Medios impresos,Diferente,,,
22,Mujer,Ingenieria en computacion,17,4,4,3,1,1,1,1,1,1,1,3,Oficinas,,Razocineo,Lïgica,Entendimiento,Trabajo en equipo,Ingles,9,9,9,8,9,Personal,,Cibernetica,Fisica,Matematicas,Programacion,Logica,10,9,10,8,8,Ninguno,S/carrera,,,
23,Hombre,Ingenieria en computacion,17,4,5,5,5,1,5,5,5,3,5,5,Oficinas,,Vision,Trabajo en equipo,Liderazgo,Razonamiento,Logica,8,10,8,7,9,Personal,,Matematicas,Fisica,Programacion,Quimica,Logica,9,7,9,10,8,Ninguno,Diferente,,,
23,Hombre,Ingenieria en computacion,17,3,4,5,5,4,5,5,3,4,4,4,Oficinas,,Sintesis,Razonamiento,Liderazgo,Logica,Vision,8,8,7,8,8,Personal,,Calculo,Estadistica,Programacion,Logica,Filosofia,9,8,10,1,9,Web / Redes Soc,S/carrera,,,
22,Hombre,Ingenieria en computacion,17,3,2,4,2,1,5,5,1,1,1,1,Oficinas,,Resolver problemas,Absracion,Analitico,Autodidacta,Organizaci¢n,7,7,8,8,7,Personal,,Matematicas,Fisica,Quimica,Informatica,Logica,8,6,9,9,10,Web / Redes Soc,S/carrera,,,
21,Hombre,Ingeniria Industrial,18,4,4,4,1,5,5,5,1,1,3,5,Oficinas,,Analitico,Liderazgo,Productivo,Inovacion,Creatividad,10,7,8,7,7,Personal,,Calculo,Estadistica,Matematicas,Logica,Literatura,10,10,9,8,7,Ninguno,S/carrera,,,
21,Mujer,Ingeniria Industrial,16,5,5,5,4,3,1,1,4,4,4,4,Oficinas,,Dise§o,Logistica,Creatividad,Innovacion,Planeacion,10,9,9,8,9,Personal,,Matematicas,Estadistica,Quimica,Algebra,Filosofia,9,7,8,9,10,Ninguno,S/carrera,,,
21,Mujer,Ingeniria Industrial,18,4,4,5,5,4,1,4,2,4,4,2,Campo,,Liderazgo,Razonamiento,Creatividad,Logica,Responsabilidad,4,4,3,4,4,Personal,,Fisica,Matematicas,Quimica,Algebra,Calculo,1,9,9,9,8,Ninguno,S/carrera,,,
20,Mujer,Ingeniria Industrial,17,5,5,5,1,1,1,1,1,1,2,1,Campo,,Liderazgo,Creatividad,Emprendimiento,Trabajo en equipo,Etica,7,6,7,9,10,Personal,,Calculo,Estadistica,Fisica,Algebra,Quimica,10,10,8,9,9,Ninguno,S/carrera,,,
21,Mujer,Ingeniria Industrial,17,4,5,5,5,3,5,3,3,4,4,4,Campo,,Eficiencia,Optimizar,Analitico,Hablar en publico,Liderazgo,9,9,9,10,10,Personal,,Calculo,Fisica,Quimica,Dise§o ambiental,Expresion grafica,8,9,9,9,10,Web / Redes Soc,S/carrera,,,
23,Hombre,Ingenieria electrica-electronica,17,5,5,4,4,3,3,5,4,4,4,3,Campo,,Abstraci¢n,Pensamiento cr°tico,Habilidad numerica,Idiomas,Comprensi¢n de lectura,8,8,8,5,7,Personal,,Calculo,Geometria,Programacion,Algebra,Ingles,9,8,8,8,5,Ninguno,S/carrera,,,
22,Mujer,Ingenier°a Petrolera,18,4,4,5,5,1,5,4,3,5,5,4,Campo,,Liderazgo, toma de desiciones, habilidad para matematicas, visualizar espacio y trabajar en un ambiente diferente,,9,8,9,10,7,Personal,,C†lculo Diferencial e integral, µlgebra, Geometr°a Anal°tica, Temas Selectos de Matem†ticas y Qu°mica.,,10,8,10,10,9,Web / Redes Sociales,Sin Carrera,,,
26,Mujer,Ingenieria en Computacion,15,4,4,5,5,3,3,2,2,4,4,4,Oficinas,,Liderazgo, an†lisis, trabajo en equipo, razonamiento, l¢gica,8,8,7,9,8,Personal,,C†lculo integral y Diferencial, CibernÇtica, F°sica, Administraci¢n,,6,9,7,9,,TV / Medios Impresos,Diferente,,,
20,Mujer,Contaduria,17,4,5,5,5,5,5,1,1,1,2,5,Oficinas,,Habilidad matem†tica, disciplina, Razonamiento L¢gico, toma de decisiones, habilidades de comunicaci¢n,10,8,9,8,7,Personal,,Administraci¢n y contabilidad, matem†ticas, derecho, problemas sociales pol°ticos y econ¢micos de MÇxico, geograf°a econ¢mica,10,8,8,10,10,Ninguna,Misma,,,
26,Hombre,Ingenier°a mecatr¢nica,18,1,2,1,1,1,1,1,1,4,4,1,Campo,,matem†ticas, L¢gica, Idiomas, Trabajo en equ°po,,7,,,,,Familiares,,Temas selectos de matem†ticas,,,,,10,,,,,Ninguna,Diferente,,,
24,Mujer,Contaduria,18,2,4,5,1,5,5,5,4,1,4,1,Oficinas,,Trabajo en equipo,liderazgo,toma de decisiones,razonamiento logico y ser sociable,,9,7,7,7,8,Personal,,Probabiblidad y Estadistica, lenguaje y comunicacion,admistracion,economia,lengua extranjera,9,9,9,8,10,Ninguna,Misma,,,
22,Mujer,Ingenier°a Industrial,17,5,5,4,5,5,1,1,1,1,1,5,los tres anteriores,,Proactividad,,,,,9,7,9,6,9,Personal,,Estad°stica y Probabilidad,,,,,8,8,8,9,8,Ninguna,Sin Carrera,,,
24,Hombre,Ingenieria en Computacion,16,5,5,5,5,1,1,4,1,4,4,4,Oficinas,,Ingenio, abstracto, autodidacta, paciencia, dominio de ingles,10,10,9,8,9,Personal,,Cibernetica y computaci¢n, Probabilidad y estad°stica, c†lculo diferencial, c†lculo integral, computaci¢n,10,10,9,9,10,TV / Medios Impresos,Sin Carrera,,,
26,Mujer,Ingenieria en Computacion,19,5,5,5,5,5,1,5,1,1,4,5,Oficinas,,analisis, responsabilidad, saber buscar informacion, tolarancia, atencion al detalle,9,10,8,9,10,Personal,,inteligencia artificial, admin de proyectos de software, PLN, Probabilidad, Discretas,8,10,9,6,9,Familiar,Diferente,,,
22,Hombre,Ingenieria en Computacion,18,4,5,5,5,5,5,5,5,5,1,1,Oficinas,,Estudiar constantemente, responsabilidad, prevenci¢n, visi¢n y comprensi¢n,,2,3,3,4,4,Personal,,Negocios electr¢nicos, bases de datos, inteligencia artificial, administraci¢n de proyectos de software e ingenier°a de software,,8,7,7,8,9,Ninguna,Sin Carrera,,,
27,Mujer,Ingenier°a ElÇctrica y Electr¢nica,22,5,5,5,5,5,1,1,1,5,5,5,Oficinas,,agilidad mental, imaginaci¢n, trabajo bajo presi¢n,,,9,10,8,,,Personal,,Matem†ticas y f°sica,,,,,9,9,,,,Amigos,Sin Carrera,,,
22,Hombre,Ingenier°a Civil,18,4,4,4,5,2,1,1,1,5,4,2,Campo,,Toma de decisiones, creatividad, trabajo en equipo, ingenio, liderazgo,3,3,5,4,4,Personal,,Calculo diferencial, integral, cinem†tica y din†mica, f°sica, Çtica,10,9,9,8,9,Ninguna,Diferente,,,
26,Mujer,Ingenieria en Computacion,18,5,4,5,1,1,5,5,1,5,5,5,Oficinas,,Paciencia, destreza, tolerancia, responsabilidad y habilidad,,2,3,2,2,3,Personal,,Calculo diferencial, f°sica, matem†ticas, econom°a y administraci¢n,,10,9,8,9,9,Ninguna,Sin Carrera,,,
25,Hombre,Ciencia Politica,19,5,5,5,5,2,1,1,1,1,2,2,"Centros de investigaciones, partidos politicos e instituciones publicas",,Sintesis, analisis, pensamiento prospectivo, capacidad explicativa y excelente redadccion,,9,9,9,9,9,Personal,,Problemas Politicos, sociales y economicos de MÇxico, Historia de MÇxico, Historia Universal, Sociologia y Derecho,9,9,9,8,8,Ninguna,Sin Carrera,,,
23,Hombre,Ingenieria en Computacion,18,4,4,5,5,5,3,3,4,4,4,4,Oficinas,,L¢gica, constancia, memoria, paciencia e intuici¢n,,9,8,7,6,8,Personal,,C†lculo Diferencial, C†lculo Integral, CAD, Computaci¢n y Dise§o,,5,5,5,5,5,Carrera de Moda,Sin Carrera,,,
23,Hombre,Ingenier°a Civil,18,5,5,5,5,1,2,2,1,5,4,4,Campo,,- Dise§ar estructuras,,,,,8,7,8,8,9,Personal,,1.-Matem†ticas IV,,,,,6,6,9,7,8,Ninguna,Diferente,,,
25,Mujer,Dise§o y comunicaci¢n visual,17,4,5,3,5,5,5,5,1,5,1,1,Oficinas,,Creatividad, paciencia, visi¢n, cognitiva, motriz,4,3,4,4,4,Personal,,Expresi¢n gr†fica, comunicaci¢n psicolog°a, filosof°a, historia,,10,10,10,8,8,Web / Redes Sociales,Diferente,,,
26,Hombre,Ingenier°a ElÇctrica y Electr¢nica,18,2,2,5,5,5,5,5,5,5,5,5,Oficinas,,Responsabilidad, Liderazgo, Paciencia, Inteligencia, Rapidez,2,3,3,3,2,Personal,,Calculo integral, calculo diferencial, geometr°a, †lgebra, estad°stica,8,7,7,7,8,TV / Medios Impresos,Diferente,,,
28,Hombre,Ingenieria en Computacion,18,5,5,4,5,1,1,5,5,5,1,1,Campo,,Trabajo en equipo, trabajo bajo presi¢n, r†pida adaptaci¢n, comunicaci¢n, direcci¢n de equipo,10,9,8,8,9,Personal,,Desarrollo web, redes, bases de datos,sistemas operativos, inglÇs,10,10,9,10,10,Carrera Nueva,Diferente,,,
22,Mujer,Ingenier°a mecatr¢nica,18,2,4,4,2,5,1,1,1,4,3,3,Extranjero,, Creatividad,  conocimientos de diversas †reas de la ingenier°a,  trabajo en equipo,  trabajo individual,  liderazgo,8,7,8,8,7,Personal,,1. Matem†ticas,,,,,10,9,10,9,8,Carrera Nueva,Diferente,,,
22,Mujer,Ingenier°a Industrial,18,5,5,5,5,5,5,5,4,4,5,5,Oficinas,,Optimizaci¢n, procesos, matem†ticas, innovaci¢n, tecnolog°a,9,9,8,9,9,Personal,,Administraci¢n, f°sica, probabilidad, c†lculo, econ¢mia,9,9,10,8,9,Web / Redes Sociales,Sin Carrera,,,
22,Hombre,Ingenier°a Mec†nica,18,5,5,5,1,5,5,5,1,1,1,1,Campo,,Matem†tica, l¢gica, para resolver problemas, espacial y visual,,9,9,9,8,9,Personal,,Matem†ticas iv, v, vi, computaci¢n, f°sica,6,6,6,7,6,Ninguna,Diferente,,,
28,Hombre,Ingenier°a Petrolera,19,4,2,2,1,1,5,5,1,5,4,1,Campo,,Trabajo en equipo, trabajar bajo presi¢n, hablar en p£blico, capacidad de an†lisis y autodidacta,,9,8,8,8,9,Personal,,C†lculo 1 y 2, Qu°mica, F°sica, Matem†ticas y Probabilidad,,10,8,9,10,10,Ninguna,Sin Carrera,,,
20,Mujer,Ingenieria en Computacion,18,4,4,5,5,1,1,2,1,4,4,4,Oficinas,,L¢gica matem†tica, imaginaci¢n espacial, constancia, comprensi¢n de lectura, paciencia,7,10,9,9,8,Personal,,Matem†ticas 4,5 y 6, inform†tica aplicada, f°sica, opci¢n tÇcnica de computaci¢n,8,10,9,9,9,Ninguna,Misma,,,
22,Mujer,Ingenier°a mecatr¢nica,17,4,3,5,5,5,5,5,5,5,5,5,Oficinas,,Trabajo en equipo, organizaci¢n, comunicaci¢n, planeaci¢n, pensamiento l¢gico,9,10,10,10,10,Amigos,,Matem†ticas 4,5 y 6, temas selectos de matem†ticas, f°sica,,10,10,10,10,10,Carrera de Moda,Diferente,,,
24,Hombre,Lic Inform†tica,20,4,5,5,5,5,1,1,5,5,5,5,Oficinas,,Matem†tica,,,,,6,6,8,7,9,Personal,,Base de datos,,,,,9,8,9,8,8,Presencial,Diferente,,,
23,Mujer,Ingenieria en Computacion,17,2,2,5,5,5,5,5,1,2,2,3,Oficinas,,Autodidacta, creativo, responsable, trabajar en equipo y saber resolver problemas,,8,8,8,8,7,Familiares,,CibernÇtica ,C†lculo Diferencial,Calculo Integral,,,10,10,,,,Carrera de Moda,Sin Carrera,,,
20,Hombre,Ingenieria en Computacion,15,5,5,5,1,5,1,1,5,4,4,5,privado,,pensamieno critico,logica,constancia,estudio,,10,10,6,10,,Personal,,programacion, algebra,geometria analitica,calculo,,10,10,10,8,,Web / Redes Sociales,Sin Carrera,,,
23,Hombre,Ingenieria en Computacion,18,4,5,5,5,5,3,3,4,4,5,2,Oficinas,,Matem†ticas, C¢mputo, Programaci¢n, Planeaci¢n, Idiomas,8,9,9,10,10,Personal,,Programaci¢n, µlgebra, Geometr°a, C†lculo, F°sica,10,7,9,8,7,Web / Redes Sociales,Diferente,,,
22,Mujer,Gastronomia,17,5,5,5,1,5,5,5,4,1,1,1,,,Liderazgo,responsabilidad, creatividad, agilidad y destreza,,2,1,1,1,1,Personal,,Contabilidad, inform†tica.,,,,8,8,,,,Web / Redes Sociales,Sin Carrera,,,
24,Hombre,Ingenieria en Computacion,18,4,5,5,4,5,5,5,4,5,4,4,Oficinas,,Liderazgo, dedicaci¢, resoluci¢n de problema, ordenado, paciencia,3,4,3,3,2,Personal,,Matem†ticas,f°sica,qu°mica,literatura,inglÇs,3,3,3,3,2,Web / Redes Sociales,Sin Carrera,,,
21,Hombre,Ingenieria en Computacion,16,4,5,4,4,5,5,4,4,5,3,5,Oficinas,,Tolerancia,entendimiento,creatividad,detecci¢n,solucionar,10,10,10,10,10,Personal,,Matem†ticas, computaci¢n matem†ticas2 matem†ticas3, inform†tica,,,8,9,9,8,9,Web / Redes Sociales,Diferente,,,
36,Hombre,Biolog°a,17,5,5,5,1,4,1,1,1,1,1,4,Los dos: Oficina y campo,, Resoluci¢n de problemas,  Adaptabilidad,  Razonamiento anal°tico,  Trabajo en equipo,  Idiomas,8,10,8,9,6,Personal,,1. Biolog°a, 2. Estad°stica, 3. Geograf°a, 4. Matem†ticas, 5. Redacci¢n de textos.,10,9,10,8,10,Maestros,Sin Carrera,,,
22,Hombre,Ingenieria en Computacion,15,5,5,5,5,5,5,5,5,5,5,1,Extranjero,,Dominio del idioma inglÇs, certificaciones, matem†ticas, programaci¢n, habilidad matem†tica,10,10,10,10,9,Personal,,Matem†ticas, f°sica, quimica, psicolog°a, inglÇs,10,10,10,9,10,Ninguna,Diferente,,,
22,Mujer,Ingenieria en Computacion,18,4,5,2,5,2,1,1,1,5,5,3,Oficinas,,Razonamiento matem†tico, abstracci¢n,trabajar bajo presi¢n, habilidad para resoluci¢n de problemas, creatividad e imaginaci¢n,2,2,2,2,3,Personal,,CibernÇtica, c†lculo diferencial, integral, f°sica 1 y 2,,8,6,7,8,8,Web / Redes Sociales,Diferente,,,
23,Hombre,Ingenieria en Computacion,18,5,5,5,5,1,4,4,5,4,4,1,Oficinas,,Comprensi¢n matem†tica, razonamiento, habilidades comunicativas, creatividad, liderazgo,8,9,10,8,10,Personal,,Matem†ticas, f°sica, l¢gica, dibujo constructivo, inform†tica.,8,10,6,9,10,Web / Redes Sociales,Diferente,,,
23,Hombre,Ingenieria en Computacion,19,5,5,5,1,5,5,5,5,5,4,5,Oficinas,,Habilidad Matem†tica, Razonamiento, Imaginaci¢n, An†lisis Espacial, habilidad probabil°stica,9,9,9,9,9,Personal,,Matem†ticas, CibernÇtica, µlgebra, Calculo, Fisica,8,8,8,8,8,Carrera de Moda,Diferente,,,
18,Mujer,Actuar°a,15,5,5,5,5,4,5,5,2,5,2,5,Oficinas,,Habilidad matem†tica, habilidad l¢gica, relaciones interpersonales, buen procesamiento de datos, habilidad para resolver problemas,10,10,8,9,9,Personal,,Matem†ticas, Temas Selectos de Matem†ticas, F°sica, Inform†tica, Qu°mica.,10,10,10,9,10,Ninguna,Similar,,,
22,Hombre,Ingenieria en Computacion,18,4,4,4,1,1,1,1,1,2,2,1,Oficinas,,Pensamiento l¢gico, anal°tico, matem†tico, paciencia y dedicaci¢n,,9,8,8,7,6,Personal,,Computaci¢n, Matem†ticas, F°sica, Programaci¢n B†sica, Tutor°a.,9,9,8,9,10,"Pel°culas, ciencia ficci¢n y tecnolog°a.",Diferente,,,
25,Mujer,Trabajo social,18,4,4,4,5,1,1,1,1,1,1,1,Oficinas,,Trabajo en equipo, capacidad para resolver problemas, habilidades comunicativas, creatividad, flexibilidad,8,9,9,8,9,Personal,,Estad°stica, filosof°a, derecho, administraci¢n,,9,10,9,9,,Situaciones personales,Sin Carrera,,,
21,Mujer,Ingenieria en Computacion,18,4,2,5,5,5,1,1,1,5,4,1,Oficinas,,Ser Autodidacta, resoluci¢n de problemas, an†lisis de sistemas, programaci¢n, trabajo en equipo,7,8,7,8,7,Personal,,Matem†ticas, inform†tica, f°sica,,,9,10,10,,,Ninguna,Sin Carrera,,,
22,Hombre,Ingenieria en Computacion,17,4,4,5,4,4,5,4,4,4,5,5,Oficinas,,Responsabilidad, concentraci¢n, tolerancia a la frustraci¢n, creatividad, resolver problemas,8,9,10,8,10,Personal,,Matem†ticas, inform†tica, computaci¢n, temas selectos, algebra,9,10,9,8,10,Carrera de Moda,Diferente,,,
32,Hombre,Informatica,30,4,4,4,1,4,3,4,4,1,1,4,Oficinas,,Razonamiento, creatividad, ingles, documentar, activo,8,9,4,7,9,Personal,,Computacion, matematicas,,,,8,8,,,,Web / Redes Sociales,Sin Carrera,,,
22,Hombre,Ingenieria en Computacion,16,5,5,5,5,5,5,5,5,5,5,4,Oficinas,,Programaci¢n, Planificaci¢n y administraci¢n, Manejo de sistemas operativos, Habilidad en el †mbito matem†tico, Conocimientos generales de computo,9,7,8,8,9,Personal,,Cibernetica, Calculo, F°sica, Matem†ticas, Filosof°a,10,9,6,10,10,Simplemente me gustaba la computaci¢n desde muy chico,Sin Carrera,,,
23,Hombre,Econ¢mia,20,4,4,5,2,4,1,1,1,4,4,4,"Puede ser Gobierno, Extranjero y Privado.",,Matem†ticas, Teor°a, Analisis e Investigaci¢n,,,10,10,9,9,9,Personal,,Matem†ticas, Econ¢mia e Historia.,,,,9,9,9,8,7,Web / Redes Sociales,Diferente,,,
21,Hombre,Ingenieria en Computacion,18,5,5,5,5,3,5,4,4,5,3,5,Oficinas,,Autodidacta, l¢gica, apasionado, astucia, creatividad,10,9,9,9,10,Personal,,Matem†ticas, computaci¢n, f°sica,,,8,9,6,,,Ninguna,Diferente,,,
22,Hombre,Ingenieria en Computacion,17,4,5,5,5,4,5,5,5,5,5,4,Oficinas,,Creatividad, Anal°tico, Perseverante,,,9,8,8,5,5,Personal,,CibernÇtica, C†lculo, Matem†ticas,,,9,9,9,8,8,Ninguna,Sin Carrera,,,
21,Hombre,Ingenieria en Computacion,17,5,5,5,1,4,1,4,1,5,4,5,Extranjero,,Matem†ticas, sociales, l¢gicas, destreza, paciencia,7,8,10,9,9,Personal,,CibernÇtica, c†lculo, filosof°a, †lgebra, geometr°a anal°tica.,10,10,10,10,9,Ninguna,Sin Carrera,,,
22,Mujer,Ingenieria en Computacion,14,4,4,5,1,4,4,5,5,4,3,3,Oficinas,,Creatividad, diligencia, habilidad autodidacta, programaci¢n, modelado,3,3,3,2,3,Personal,,Inform†tica, Matem†ticas, Literatura, F°sica, Artes pl†sticas,10,8,8,7,10,Web / Redes Sociales,Diferente,,,
23,Mujer,Ingenieria en Computacion,19,5,5,4,4,1,5,5,1,4,4,1,Oficinas,,Matem†tica, l¢gica, razonamiento, soluci¢n de problemas, comprensi¢n de textos,9,10,8,9,9,Personal,,Matem†ticas, inform†tica, l¢gica, †lgebra, f°sica,9,9,10,10,10,Ninguna,Sin Carrera,,,
23,Hombre,ingenieria en computacion,18,2,2,4,5,5,5,5,5,2,1,1,Oficinas,,disciplina, creatividad, empat°a, liderazgo, autodidacta,7,9,9,8,9,Personal,,CibernÇtica, calculo, psicolog°a, curso robotica, curso computacion,10,9,10,10,10,Web / Redes Sociales,Diferente,,,
21,Mujer,Ingenieria en Computacion,17,5,5,5,1,1,1,1,1,5,4,1,Oficinas,,constancia, comprender, analizar, paciencia, ser estructurado,9,10,10,9,10,Personal,,matem†ticas, cibernetica, computaci¢n, calculo.,,10,10,9,10,,Ninguna,Sin Carrera,,,
22,Hombre,Ingenieria en Computacion,16,2,5,5,1,1,1,1,1,1,1,1,Extranjero,,Dedicaci¢n, concentraci¢n, pasi¢n, an†lisis, sentido com£n,8,5,9,10,9,Familiares,,CibernÇtica, Filosof°a, ciencias de la salud, Lat°n, Geograf°a,10,10,8,8,10,Ninguna,Sin Carrera,,,
23,Hombre,Ingenier°a Mec†nica,19,4,4,5,3,4,4,5,4,4,4,4,Laboratorios,,analitico, disciplinado, trabajo en equipo,,,10,10,10,,,Personal,,matematicas, fisica, quimica,,,,,,,,Ninguna,Sin Carrera,,,
53,Hombre,Contaduria,18,4,1,5,1,5,1,1,5,1,4,1,Oficinas,,Paciencia, honestidad, disciplina, constancia, dedicaci¢n,8,10,9,10,10,Personal,,Matem†ticas,administraci¢n, estad°stica, Çtica, piscologia,8,10,7,10,10,Ninguna,Sin Carrera,,,
22,Hombre,Ingenier°a Mec†nica,17,2,4,5,4,2,1,1,1,4,4,1,Oficinas,,Paciencia, Resiliencia, Inteligencia, Creatividad, Dedicaci¢n,9,9,8,9,6,Personal,,Matem†ticas, F°sica, Qu°mica, Salud, Dibujo,9,9,9,8,8,Ninguna,Diferente,,,
21,Hombre,Ingenier°a ElÇctrica y Electr¢nica,17,1,1,5,5,5,1,1,1,1,5,4,Campo,,Liderazgo, l¢gica, matem†tica, razonamiento, entrega,2,3,3,3,3,Personal,,Matem†ticas, f°sica, l¢gica, Çtica, qu°mica,10,10,8,9,8,Web / Redes Sociales,Sin Carrera,,,
21,Mujer,Ingenieria en Computacion,16,4,5,5,1,3,5,5,1,1,2,5,Oficinas,,Paciencia, Control, Respeto, Empat°a, Dedicaci¢n,10,7,10,3,10,Personal,,Matem†ticas, CibernÇtica, F°sica, InglÇs, Expresi¢n Gr†fica,10,10,8,8,,Web / Redes Sociales,Diferente,,,
20,Hombre,Ingenier°a Civil,16,5,5,5,4,1,3,1,1,3,4,1,Extranjero,,liderazgo, decision, compromiso,,,7,7,6,,,Personal,,matematicas,,,,,8,,,,,TV / Medios Impresos,Diferente,,,
40,Hombre,Sociologia,37,5,5,5,1,1,1,1,1,1,1,5,Campo,,Analisis, critica, observacion, teorias, experimentacion,9,9,10,8,8,Personal,,Estadistica, estetica, etica, ciencias politicas y sociales, historia,8,10,9,10,10,Ninguna,Diferente,,,
24,Mujer,Ingenieria en Computacion,19,2,2,2,1,1,1,1,1,2,2,2,Extranjero,,An†lisis, trabajo en equipo, trabajo bajo presi¢n, habilidad de programaci¢n, resolver casos en un tiempo establecido,8,10,10,7,8,Personal,,Matem†ticas, f°sica, l¢gica, espa§ol, qu°mica.,9,9,10,10,8,Ninguna,Diferente,,,
22,Hombre,Ingenieria en Computacion,18,5,5,5,4,5,5,5,1,2,1,1,Oficinas,,An†lisis, Razonamiento L¢gico, Autoaprendizaje, Paciencia, Abstracci¢n,8,8,10,9,8,Personal,,Inform†tica, µlgebra, Dibujo, C†lculo Integral, Geometr°a Anal°tica,9,8,8,9,9,Web / Redes Sociales,Diferente,,,
22,Mujer,Ingenier°a Petrolera,18,2,4,1,5,5,5,5,5,5,5,1,Campo,,An†lisis, respuestas r†pidas, creatividad, trabajo en equipo, toma de decisi¢n,10,10,8,10,10,Personal,,Matem†ticas, temas selectos de matem†ticas, dibujo, qu°mica, computaci¢n,10,10,8,6,9,TV / Medios Impresos,Diferente,,,
22,Hombre,Ingenier°a telecomunicaciones,18,5,4,5,1,1,5,5,1,1,4,1,Oficinas,,An†lisis, interpretaci¢n, organizaci¢n, constancia,,8,9,9,10,,Personal,,Matem†ticas, c†lculo, estad°stica, computaci¢n,,10,9,10,10,,Ninguna,Diferente,,,
23,Mujer,Actuar°a,15,5,5,5,5,5,1,1,1,1,1,5,Oficinas,,An†lisis, resoluci¢n de problemas, trabajo en equipo, persistencia,,9,8,10,10,,Personal,,Matem†ticas, temas selectos de matem†ticas,,,,9,9,,,,Ninguna,Sin Carrera,,,
21,Hombre,Ingenieria en Computacion,11,5,5,5,1,1,1,1,1,1,4,4,Oficinas,,An†lisis, Toma de decisiones, L¢gica,,,7,8,6,,,Personal,,Inform†tica,,,,,8,,,,,Ninguna,Misma,,,
20,Mujer,Ingenier°a telecomunicaciones,15,4,5,5,5,2,5,5,5,5,3,4,Oficinas,,ingenio,habilidad numÇrica,creatividad,memoria,responsabilidad,8,8,9,8,10,Personal,,matematicas, fisica,,,,9,9,,,,Ninguna,Diferente,,,
20,Mujer,Ingenieria en Computacion,13,5,5,4,5,5,5,5,3,1,3,1,Extranjero,,C†lculo, f°sica, programaci¢n b†sica, †lgebra y estructuras de datos,,9,10,9,9,9,Personal,,CibernÇtica, c†lculo, f°sica, matem†ticas y qu°mica.,,10,9,10,10,7,Simplemente me enfoquÇ en las materias en las que destaco y busquÇ alguna carrera que estuviera relacionado con ellas.,Diferente,,,
26,Hombre,Ingenieria en Computacion,22,2,4,4,1,1,1,1,1,4,4,4,Oficinas,,L¢gica, creatividad, dise§o, paciencia, razonamiento,4,4,4,5,5,Personal,,Matem†ticas, f°sica, inglÇs, Çtica, Econom°a,9,9,10,9,8,Web / Redes Sociales,Sin Carrera,,,
22,Hombre,Ingenieria en Computacion,18,5,5,5,4,4,5,5,5,1,1,4,Extranjero,,logica,habilidad mental, razonamiento, habilidad matematica,inteligencia,9,9,8,10,9,Personal,,matematicas,fisica,dibujo,informatica,robotica,10,10,10,10,10,Web / Redes Sociales,Diferente,,,
21,Hombre,Ingenieria en Computacion,18,4,5,5,5,1,1,1,1,1,1,1,Oficinas,,L¢gica, Matem†tica, Algoritmica, Abstracci¢n, Razonamiento,2,2,2,2,2,Personal,,Matem†ticas, L¢gica, Mates avanzadas, razonamiento matem†tico e inform†tica,,9,8,9,9,10,Web / Redes Sociales,Diferente,,,
22,Hombre,Ingenieria en Computacion,17,4,2,5,1,1,5,5,1,1,5,1,Oficinas,,Logica, matem†tica, compa§er°smo, abstracci¢n, interpretaci¢n,3,3,3,3,3,Personal,,Computaci¢n, matem†ticas, f°sica, filosof°a, redaccion,10,8,9,10,10,Web / Redes Sociales,Diferente,,,
19,Mujer,Ingenier°a Mec†nica,18,5,5,1,5,1,5,5,1,1,1,1,Campo,,,,,,,,,,,,Personal,,Matem†ticas, InglÇs, F°sica, µlgebra,,10,8,7,10,,Ninguna,Sin Carrera,,,
31,Hombre,Antropolog°a social,22,5,4,5,1,1,1,1,1,1,1,5,Campo,,An†lisis de datos cuantitativos y cualitativos, trabajo en equipo, creaci¢n de proyectos, empat°a y resoluci¢n de problemas,,9,7,8,9,8,Personal,,Sociolog°a, antropolog°a, estadistica, recursos humanos y metodolog°a de investigaci¢n.,,7,8,8,9,10,Libros y acercamiento desde la psicolog°a,Sin Carrera,,,
25,Hombre,Ingenier°a ElÇctrica y Electr¢nica,18,4,4,2,5,5,2,4,5,4,4,5,Oficinas,,Comunicaci¢n con equipos de trabajo, perseverancia, organizaci¢n, trabajo bajo presi¢n y creatividad,,6,9,8,7,8,Personal,,F°sica III, F°sica IV, Geometr°a Anal°tica, C†lculo Diferencial e Integral, Inform†tica aplicada a la Ciencia e Industria,10,6,7,8,10,TV / Medios Impresos,Sin Carrera,,,
23,Mujer,Ciencias de la comunicaci¢n,18,2,2,2,5,5,5,5,5,1,1,4,Foros de radio o tv,,Buena ortograf°a, habilidad de habla, capacidad de s°ntesis, r†pidez mental, habilidad para solucionar problemas,9,9,10,9,9,Personal,,Literatura, derecho, into a las ciencias sociales, sociolog°a, lengua espa§ola,10,10,9,9,10,Web / Redes Sociales,Sin Carrera,,,
24,Mujer,Trabajo Social,17,4,5,1,1,1,1,1,1,1,1,2,Campo,,Observacion, empatia, compromiso, asertividad, interÇs,10,10,10,9,10,Personal,,Psicolog°a, lectura, inglÇs, estad°stica, derecho,10,8,8,8,10,Ninguna,Sin Carrera,,,
22,Hombre,Administracion,17,1,1,5,1,5,5,5,5,5,5,1,Oficinas,,Planeaci¢n, Liderazgo, Creatividad, Comunicaci¢n y Organizaci¢n,,9,9,9,9,9,Personal,,Psicolog°a, Matem†ticas, L¢gica, Teatro,,10,9,10,10,9,Ninguna,Similar,,,
23,Mujer,Dise§o y comunicaci¢n visual,18,5,5,4,5,1,1,1,1,1,4,4,todas las anteriores,,dibujo, creatividad, paciencia, pr†ctica, disciplina,5,8,9,8,7,Personal,,Geometr°a, dibujo, literatura, matem†ticas, historia,8,9,9,9,9,TV / Medios Impresos,Diferente,,,
24,Mujer,Dise§o y comunicaci¢n visual,13,5,5,5,1,1,1,1,1,1,2,5,En varios hasta puedo ser freelancer,,Dibujo, creatividad, conceptualizaci¢n, pr†ctica y diciplina,,9,8,9,9,7,Personal,,Geometr°a, llevÇ materias de carrera tÇcnica as° que tambiÇn me ayudaron. Matem†ticas,,,,7,9,9,9,7,TV / Medios Impresos,Diferente,,,
22,Hombre,Ingenier°a ElÇctrica y Electr¢nica,18,4,4,5,1,1,5,5,5,1,1,1,Campo,,Ingenio, Inteligencia, Razonamiento, An†lisis,Planeacion,7,7,6,7,7,Personal,,F°sica I, Fisica II, Calculo, Qu°mica I, Quimica II,7,8,7,8,8,Ninguna,Sin Carrera,,,
18,Mujer,Fisioterapia,17,4,5,5,1,5,1,5,5,1,1,1,Extranjero,,,,,,,10,10,9,,9,Personal,,Biolog°a, qu°mica, bioqu°mica, salud, lectura.,10,9,10,10,9,Web / Redes Sociales,Diferente,,,
22,Hombre,Ingenieria en Computacion,17,5,5,4,5,1,1,1,1,4,3,5,Oficinas,,Capacidad de abstracci¢n, pensamiento l¢gico, resoluci¢n de problemas, creatividad, trabajo bajo presi¢n,8,9,9,8,10,Personal,,C†lculo, cibernÇtica, f°sica, inglÇs, filosof°a.,7,10,9,10,10,Ninguna,Diferente,,,
22,Hombre,Ingenier°a telecomunicaciones,17,4,4,5,5,1,1,5,5,4,4,5,Campo,,Capacidad de an†lisis, pensamiento abstracto, creatividad, planeaci¢n, capacidad de s°ntesis,9,9,9,8,9,Personal,,C†lculo, †lgebra, geometr°a, f°sica, qu°mica,9,8,8,9,9,Ninguna,Diferente,,,
22,Mujer,QFB,17,4,5,5,5,3,1,1,1,1,1,4,Laboratorios,,Pensamiento anal°tico, dedicaci¢n, pensamiento cr°tico, habilidad matem†tica, creatividad,10,7,9,8,8,Personal,,Qu°mica, F°sica, Biolog°a, Matem†ticas, Temas Selectos de Morfofisiolog°a,10,10,8,8,10,Ninguna,Diferente,,,
22,Hombre,Ing.matem†tica,17,5,5,5,2,5,1,1,1,4,5,1,Oficinas,,Manejo de informaci¢n, an†lisis, criterio, saber tomar decisiones, pensamiento l¢gico,8,8,9,9,8,Personal,,Algebra, orientaci¢n juvenil, calculo, probabilidad, estadistica,8,10,9,9,9,Web / Redes Sociales,Sin Carrera,,,
35,Mujer,Medicina,18,5,5,1,1,1,1,1,1,1,1,1,Se puede ejercer en todos las respuestas posibles,,H†bito de lectura, tolerancia a la frustraci¢n, empat°a,,,10,8,10,,,Personal,,Qu°mica, biolog°a, f°sica,,,10,9,8,,,Siempre me gust¢ mucho las ciencias naturales.,Sin Carrera,,,
23,Hombre,Ingenieria en Computacion,18,5,5,5,4,5,2,4,1,5,5,4,Oficinas,,Responsabilidad, Toma de decisiones, Pensamiento abstracto, Visi¢n del entorno,,9,9,8,9,1,Personal,,C†lculo, µlgebra, Inform†tica, F°sica,,8,8,10,7,8,Web / Redes Sociales,Sin Carrera,,,
38,Hombre,Ingenieria en Computacion,20,3,4,4,2,3,4,4,3,3,2,3,Oficinas,,Manejo de PC, programaci¢n, trabajo bajo presi¢n, trabajo en equipo y constante actualizaci¢n de conocimientos,,3,3,3,4,3,Personal,,C†lculo, qu°mica, f°sica, probabilidad y estadistica,,4,4,5,4,4,Ninguna,Sin Carrera,,,
22,Hombre,Derecho,19,5,5,4,4,5,4,4,3,2,4,4,Oficinas,,Conocimiento, responsabilidad, persistencia, capacidad, tenacidad,8,8,8,10,9,Personal,,Derecho, ingles, latin, ciencia politica, redacci¢n,10,9,10,10,9,Porque me gusto la carrera,Sin Carrera,,,
22,Hombre,Ingenieria en Computacion,18,5,5,5,5,5,5,5,5,5,5,5,Oficinas,,Razonamiento, Pensar, Crear, Analizar, Implementar,9,10,9,9,10,Personal,,µlgebra, L¢gica, Geometr°a, Calculo, Programaci¢n,10,10,10,10,10,TV / Medios Impresos,Diferente,,,
22,Hombre,Ingenieria en Computacion,17,5,5,5,5,5,2,1,2,4,5,2,Oficinas,,Abstracci¢n ,,,,,8,8,10,10,10,Personal,,F°sica ,,,,,8,10,9,,,Ninguna,Diferente,,,
23,Hombre,Ingenier°a telecomunicaciones,17,4,4,4,1,1,4,1,1,1,4,1,Campo,,Programaci¢n, trabajo bajo presi¢n, comunicaci¢n, trabajo en equipo, resoluci¢n de problemas,6,9,8,9,9,Personal,,Calculo, F°sica, Qu°mica, L¢gica, Programaci¢n,8,9,9,9,8,Ninguna,Similar,,,
23,Hombre,Ingenieria en Computacion,12,5,5,5,3,2,5,5,1,5,2,5,Oficinas,,Razonamiento, l¢gica, creatividad, aprendizaje, aptitud numÇrica,7,8,4,9,8,Personal,,C†lculo, F°sica, CibernÇtica, L¢gica,,10,7,10,9,,Ninguna,Sin Carrera,,,
22,Mujer,Ingenieria en Computacion,-,1,2,5,1,1,5,4,4,4,4,1,Oficinas,,razonamiento,logica,sociable,amabilidad,,6,6,7,7,,Personal,,ninguna,matematicas,,,,1,7,,,,Carrera de Moda,Diferente,,,
22,Hombre,Ingenieria en Computacion,18,4,5,5,5,5,1,5,1,1,1,1,Oficinas,,Matem†ticas, Razonamiento, Liderazgo, Trabajo en equipo,,8,8,9,9,1,Personal,,µlgebra, Inform†tica, C†lculo, Geometr°a,,9,10,9,8,8,Ninguna,Sin Carrera,,,
22,Mujer,Ingenieria Quimica,18,2,2,2,5,4,5,4,3,5,4,2,Extranjero,,matematicas,imaginacion,abstraccion,,,5,7,7,,,Personal,,quimica, estadistica,,,,9,6,,,,Carrera de Moda,Sin Carrera,,,
22,Hombre,Matem†ticas aplicadas,20,5,5,5,4,5,1,1,1,5,5,5,Oficinas,,Matem†tica,,,,,10,10,10,10,10,Personal,,Calculo, †lgebra, f°sica, qu°mica, computaci¢n,10,10,10,7,10,Ninguna,Sin Carrera,,,
22,Mujer,Ingenieria en Computacion,17,5,5,4,5,3,5,5,1,4,3,3,Oficinas,,dedicaci¢n, creatividad, an†lisis, peciencia, determinaci¢n,9,9,9,8,9,Personal,,C†lculo, CibernÇtica, F°sica, InglÇs, Matem†ticas,8,10,7,10,9,Ninguna,Diferente,,,
23,Mujer,Derecho,17,4,2,5,5,5,5,5,5,5,2,2,Oficinas,,Ortograf°a, Metodolog°a, Expresi¢n, Sociable y Respeto,,10,10,10,10,10,Familiares,,Derecho, Psicolog°a, êtica, Etimolog°as Grecolatinas e InglÇs,,10,10,10,10,8,Ninguna,Misma,,,
20,Hombre,Ingenier°a mecatr¢nica,12,5,5,4,1,2,1,5,2,1,2,4,,,dedicaci¢n, facilidad para las matem†ticas, pensamiento flexible, programaci¢n, resoluci¢n de problemas,7,8,9,9,8,Personal,,Calculo, fisica, quimica, estad°stica, programacion,10,9,9,10,10,TV / Medios Impresos,Diferente,,,
22,Mujer,Ingenier°a Industrial,18,4,4,5,1,1,1,4,1,5,5,4,Oficinas,,Liderazgo, Organizaci¢n, Creatividad, Trato con personas, Idiomas,7,8,9,10,10,Personal,,C†lculo,,,,,9,,,,,Web / Redes Sociales,Diferente,,,
23,Hombre,Ingenier°a mecatr¢nica,18,2,3,5,5,5,3,5,5,5,5,5,Oficinas,,Analitica,,,,,10,,,,,Personal,,Ninguna,,,,,10,,,,,Ninguna,Diferente,,,
23,Hombre,Ingenieria en Computacion,17,2,5,5,1,2,5,1,1,2,5,1,Oficinas,,Paciencia, dedicaci¢n, l¢gica, capacidad de an†lisis y auto-didacta,,10,10,10,10,10,Personal,,C†lculo, †lgebra, f°sica, inform†tica y programaci¢n/computaci¢n,,9,9,9,9,9,Ninguna,Diferente,,,
33,Hombre,Medicina,17,4,5,1,1,1,1,1,1,1,1,1,Campo,,Liderazgo, comunicaci¢n, empatia, docencia, destrezas manuales para procedimientos espec°ficos,9,8,9,9,10,Personal,,Qu°mica, Biolog°a, Ciencias de la Salud, F°sica y Estad°stica.,,8,9,10,8,10,Ninguna,Sin Carrera,,,
24,Hombre,Ingenieria en Computacion,15,4,4,5,1,1,5,5,1,5,1,1,Campo,,proactivo, analitico, tolerante, autodidacta, abstracci¢n,10,10,8,10,10,Personal,,ninguna, ninguna, ninguna, ninguna, computaci¢n,10,10,10,10,10,Ninguna,Diferente,,,
23,Hombre,Ingenier°a Industrial,18,5,5,5,2,4,1,1,2,3,3,3,,,An†lisis, Creatividad, Liderazgo, compromiso,,9,10,8,10,,Personal,,C†lculo, geometr°a, †lgebra,,,9,10,9,,,Ninguna,Diferente,,,
21,Hombre,Ingenier°a ElÇctrica y Electr¢nica,18,5,5,5,1,1,1,1,5,4,4,1,Campo,,An†lisis, dise§o, creatividad, abstracci¢n, intuici¢n,7,5,8,9,9,Personal,,µlgebra, C†lculo, Lenguaje, Geometr°a, L¢gica,10,9,10,10,9,Web / Redes Sociales,Similar,,,
22,Hombre,Ingenier°a ElÇctrica y Electr¢nica,17,5,5,4,3,4,1,1,1,1,2,1,Campo,,Destreza, ingenio, disciplina, constancia, responsabilidad,8,9,9,9,8,Personal,,µlgebra, Calculo diferencial, F°sica, Calculo integral, Geometria,9,10,10,10,9,Ninguna,Similar,,,
24,Hombre,Ingenieria en Computacion,16,5,5,5,1,1,1,1,3,4,4,2,Oficinas,,An†lisis, Precision, Matem†tica, Logica, Creatividad,9,8,10,10,9,Personal,,C†lculo, Estad°stica, Electricidad y Magnetismo, Fisica, Computaci¢n,9,9,8,9,10,Ninguna,Sin Carrera,,,
22,Mujer,Medicina,18,5,5,1,5,3,5,5,3,3,1,3,Campo,,Memoria, empat°a, comprensi¢n, perseverancia, dedicaci¢n,7,9,8,10,8,Personal,,Qu°mica, salud p£blica, morfolog°a humana, psicolog°a, biolog°a,10,10,8,10,9,Ninguna,Sin Carrera,,,
26,Hombre,Ingenieria en Computacion,18,4,4,5,1,1,1,5,1,2,4,2,Oficinas,,InglÇs, Anal°tico, L¢gico, Programaci¢n, Expresi¢n,7,7,8,7,8,Personal,,C†lculo, Bases de datos,,,,9,10,,,,Ninguna,Diferente,,,
28,Hombre,Ingenieria en Computacion,15,5,5,2,4,1,1,1,2,1,2,1,Oficinas,,L¢gica, atenci¢n a detalles, manejo de conceptos abstractos, innovaci¢n y resoluci¢n de problemas,,10,10,10,10,10,Personal,,Ninguna, no tuve materias af°n,,,,,,,,,Web / Redes Sociales,Sin Carrera,,,
18,Hombre,Ingenier°a Petrolera,17,5,5,5,5,5,5,4,5,4,5,5,Oficinas,,Mate, trabajo en equipo, resolver problemas, negocios, hablar en publico,8,9,8,8,9,Personal,,calculo, quimica, fisica, estadistica,,9,8,9,10,,TV / Medios Impresos,Sin Carrera,,,
20,Hombre,Ingenier°a Civil,17,4,4,5,5,5,5,5,5,5,5,3,Oficinas,,,,,,,9,6,7,,,Personal,,calculo,,,,,,,,,,TV / Medios Impresos,Sin Carrera,,,
21,Hombre,Ingenier°a Mec†nica,17,2,4,5,1,4,5,1,2,4,4,4,Campo,,,,,,,,,,,,Personal,,Calculo, f°sica, estad°sticas, dibujo, ingles,10,10,8,10,8,Ninguna,Sin Carrera,,,
22,Hombre,Ingenier°a telecomunicaciones,18,5,5,4,5,2,1,1,1,5,4,5,Oficinas,,Responsabilidad,liderazgo,,,,4,3,,,,Personal,,F°sica,matem†ticas,historia,salud,literatura,10,10,8,9,8,Ninguna,Diferente,,,
26,Mujer,Ingenier°a Petrolera,18,5,4,5,5,5,2,5,5,5,5,5,Campo,,disposicion , tiempo,,,,8,8,,,,Personal,,fisica,,,,,9,,,,,Ninguna,Diferente,,,
25,Mujer,Arquitectura,20,5,5,5,1,5,1,5,1,5,1,1,Campo,,creatividad, facilidad de trabjo en equipo, destreza, calculo,,7,9,8,7,7,Personal,,dibujo, artes, calculo, geometria,,8,8,8,8,8,Ninguna,Sin Carrera,,,
23,Hombre,Ingenieria en Computacion,19,4,4,4,2,2,1,2,1,4,4,2,Oficinas,,Abstracci¢n, responsabilidad, an†lisis, dise§o y administraci¢n,,8,8,8,8,8,Personal,,F°sica, qu°mica, calculo, temas selectos de matem†ticas y computaci¢n,,9,9,9,9,9,Web / Redes Sociales,Similar,,,
22,Mujer,Geol¢gica,17,5,4,5,5,5,5,5,1,4,1,5,Las 3 anteriores,,Observaci¢n, paciencia, disciplina, fuerza f°sica, facilidad para describir objetos o lugares,8,7,7,6,7,Personal,,F°sica, geograf°a, qu°mica, biolog°a, matem†ticas,9,8,10,9,10,Ninguna,Diferente,,,
21,Mujer,Ingenier°a Industrial,17,4,5,2,1,1,1,2,1,5,5,5,Campo,,Compromiso ,,,,,3,3,3,3,3,Personal,,Fisica,,,,,4,4,4,4,4,Ninguna,Sin Carrera,,,
21,Hombre,Ingenier°a ElÇctrica y Electr¢nica,17,4,4,4,4,1,1,4,3,3,1,4,Diversos,,Constancia, habilidad matem†tica, visi¢n, programaci¢n, f°sica,5,6,8,7,6,Personal,,F°sica, matem†ticas, programaci¢n, qu°mica, inglÇs,8,8,10,9,8,Ninguna,Diferente,,,
25,Mujer,Ingenier°a Industrial,18,4,4,5,4,4,5,4,4,4,4,4,Oficinas,,Actitud, Hablar en p£blico, Liderar, Analizar, Redacci¢n,10,10,10,10,10,Familiares,,Dibujo, Administraci¢n, µlgebra, Qu°mica, Inform†tica,8,9,8,8,9,Ninguna,Misma,,,
24,Hombre,Ingenier°a Civil,16,5,4,5,5,1,5,4,1,5,5,5,Campo,,Razonar, Pensar, Imaginar, Calcular, Creatividad,10,10,10,10,10,Personal,,Fisica, C†lculo, Algebra, Dibujo, Geometr°a,9,8,9,9,10,TV / Medios Impresos,Similar,,,
22,Mujer,Arquitectura,18,4,5,5,1,1,5,5,5,5,5,1,Pr†ctica y te¢rica,,Dise§o, sensibilidad de espacios, factibilidad de ideas, trabajo en equipo y organizaci¢n de tiempos,,9,10,9,10,9,Personal,,Dibujo, Matem†ticas, F°sica, Historia y Derecho,,10,8,9,8,10,Web / Redes Sociales,Misma,,,
22,Mujer,Ingenier°a ElÇctrica y Electr¢nica,18,2,3,4,5,1,5,5,5,5,5,1,Campo,,L¢gica, an†lisis, pensamiento cr°tico, facilidad de comunicaci¢n, capacidad de resolver problemas,8,8,10,10,9,Personal,,F°sica, matem†ticas, c†lculo integral, calculo diferencial, cibernÇtica,10,9,10,10,9,Ninguna,Diferente,,,
25,Hombre,Medicina,17,4,4,2,1,1,5,5,1,5,1,2,Hospital y consultorios,,Empat°a, destreza, memoria, soporte f°sico, comprensi¢n,10,8,7,8,9,Personal,,Salud, Biolog°a, F°sica, Morfofisiolog°a, Qu°mica,10,10,8,10,10,Carrera de Moda,Misma,,,
20,Hombre,Ingenier°a Civil,17,5,4,4,2,5,3,4,1,2,2,1,Oficinas,,paciencia, creatividad,dominio conociminetos, orden,eficiencia,9,8,8,8,9,Personal,,mate,fisica,quimica,ingles,l¢gica,8,10,6,10,7,Ninguna,Diferente,,,
21,Hombre,Contaduria,18,5,4,1,1,1,1,1,1,1,1,1,Oficinas,,habilidad numerica, dinamico, disciplinado, toma de decisiones, razonamiento logico,8,8,7,9,8,Personal,,,,,,,,,,,,Ninguna,Similar,,,
22,Hombre,Ingenieria en Computacion,17,5,5,4,2,5,5,5,5,5,5,4,Oficinas,,Comunicaci¢n, An†lisis, Creatividad, Soluci¢n de problemas, Trabajo en equipo,5,9,7,9,5,Personal,,,,,,,,,,,,Ninguna,Sin Carrera,,,
27,Mujer,Administracion,24,5,5,5,1,5,1,1,1,1,1,5,Es online,,analisis, trabajo en equipo, admon del tiempo,,,10,7,8,,,Personal,,,,,,,,,,,,Web / Redes Sociales,Diferente,,,
28,Hombre,Ingenier°a Petrolera,20,5,5,5,5,5,4,5,4,4,4,4,Campo,,,,,,,,,,,,,,,,,,,,,,,,Web / Redes Sociales,Diferente,,,
21,Hombre,Ingenieria en Computacion,17,4,4,1,1,1,5,5,1,1,1,1,Oficinas,,,,,,,,,,,,Personal,,,,,,,,,,,,Ninguna,Sin Carrera,,,
22,Hombre,Ingenieria en Computacion,16,5,5,5,2,5,3,5,5,5,5,5,Oficinas,,,,,,,10,10,10,10,10,Personal,,,,,,,10,10,10,10,10,Web / Redes Sociales,Sin Carrera,,,
22,Mujer,Medicina veterinaria,6,5,5,4,3,1,1,3,3,3,3,3,Campo,,,,,,,,,4,,,Personal,,,,,,,3,3,,3,,,Diferente,,,
22,Hombre,Ingenier°a en Computaci¢n,17,4,2,2,1,1,1,5,5,2,1,5,Oficinas,,Matem†ticas,Responsabilidad,Confianza,Razonamiento,An†lisis,8,7,9,8,6,Familiares,,F°sica,CibernÇtica,C†lculo,Qu°mica,Matem†ticas,9,9,10,8,8,Ninguno,Diferente,,,
23,Hombre,Ingenier°a en Computaci¢n,19,4,4,4,2,5,1,2,1,4,4,2,Extranjero,,Abstracci¢n,Responsabilidad,An†lisis,Liderazgo,Investigaci¢n,7,9,8,9,8,Personal,,Computaci¢n,Matem†tilcas,F°sica,Qu°mica,Temas Selectos de Matem†ticas,10,8,9,9,8,Ninguno,Similar,,,
22,Hombre,Ingenier°a Petrolera,19,3,3,2,1,1,1,4,1,2,3,1,Campo,,Matem†ticas,Geometr°a ,An†lisis Cr°tico,Razonamiento,F°sica,8,7,9,9,8,Personal,,Matem†ticas,Ciencias,Ciencias Sociales,Computaci¢n,Geolog°a,9,8,10,10,8,Ninguno,S/carrera,,,
22,Mujer,Ingenier°a Mec†nica,17,5,5,5,4,3,2,3,1,2,4,4,Extranjero,,Pensamiento L¢gico,Construcci¢n,Rapidez,Precisi¢n,Innovaci¢n,7,8,7,8,7,Personal,,Matem†ticas,F°sica,Qu°mica,L¢gica,Biolog°a,7,9,6,8,9,Ninguno,S/carrera,,,
22,Hombre,Ingenier°a en Computaci¢n,18,5,4,1,1,1,1,1,1,1,1,1,Extranjero,,L¢gica,Matem†ticas,Resoluci¢n de Problemas,Programaci¢n,An†lisis,8,8,9,8,9,Personal,,Matem†ticas,L¢gica,Qu°mica,Inform†tica,F°sica,10,10,10,10,10,Ninguno,S/carrera,,,
21,Hombre,Ingenier°a en Computaci¢n,17,4,4,2,2,5,5,5,2,4,4,2,Oficinas,,Constancia,Responsabilidad,Adaptaci¢n,Planificaci¢n,Iniciativa,8,7,8,7,6,Personal,,L¢gica,C†lculo,Inform†tica,Geometr°a Anal°tica,F°sica,8,7,9,9,7,Carrera de Moda,Diferente,,,
21,Hombre,Ingenier°a Petrolera,17,3,2,4,5,5,5,5,1,4,5,3,Campo,,Ingenio,Innovaci¢n,Dedicaci¢n,Sociabilidad,Disciplina,7,6,8,8,9,Personal,,C†lculo Diferencial,C†lculo Integral,Qu°mica,F°sica,CibernÇtica,8,8,8,8,8,Ninguno,S/carrera,,,
22,Hombre,Ingenier°a en Computaci¢n,18,5,5,4,1,1,1,1,1,1,1,5,Oficinas,,Resolver Problemas,Razonamiento,An†lisis,Creatividad,Organizaci¢n,10,10,9,9,8,Personal,,Inform†tica,Matem†tilcas,F°sica,L¢gica,Orientaci¢n Educativa,10,9,8,10,10,Web / Redes Soc,Diferente,,,
22,Hombre,Ingenier°a Petrolera,19,4,4,2,5,1,1,5,2,4,5,5,Extranjero,,Matem†ticas,Predecir Eventos,Resoluci¢n de Problemas,Trabajo Bajo Presi¢n,Liderazgo,8,7,10,9,10,Personal,,Matem†ticas,F°sica,Qu°mica,Geolog°a,Historia,10,10,10,8,6,Web / Redes Soc,S/carrera,,,
21,Hombre,Ingenier°a en Computaci¢n,15,2,4,2,1,1,1,1,5,5,1,2,Oficinas,,Constancia,Disciplina,Pasi¢n,Destreza,Visi¢n,10,8,8,8,9,Personal,,Matem†ticas,InglÇs,Etimolog°as Grecolatinas,Qu°mica,F°sica,10,10,9,9,9,Web / Redes Soc,Diferente,,,
22,Mujer,Ingenier°a Civil,18,5,5,5,1,5,5,5,5,1,1,5,Campo,,Matem†ticas,Creatividad,Resoluci¢n de Problemas,Abstracci¢n,Constancia,7,9,8,8,7,Personal,,Matem†ticas,Qu°mica,Dibujo Constructivo,F°sica,C†lculo,6,7,10,8,8,Ninguno,S/carrera,,,
22,Hombre,Ingenier°a en Computaci¢n,18,5,4,5,2,3,2,1,3,1,2,4,Extranjero,,Matem†ticas,L¢gica,An†lisis,Resoluci¢n de Problemas,Constancia,9,9,9,9,10,Personal,,Matem†ticas,F°sica,Qu°mica,Inform†tica,Matem†ticas Avanzadas,10,8,9,10,8,Web / Redes Soc,Diferente,,,
23,Hombre,Ingenier°a ElÇctrica Electr¢nica,19,5,5,4,2,4,1,1,2,4,1,4,Otros,Laboratorio/Taller,Paciencia,Observador,Ingenioso,Investigador,Creatividad,9,9,9,9,10,Personal,,Matem†ticas,Inform†tica,C†lculo,InglÇs,Computaci¢n,9,10,8,7,8,Ninguno,S/carrera,,,
22,Mujer,Ingenier°a Civil,17,5,5,4,5,3,2,1,2,1,1,4,Oficinas,,Espacial,Verbal,Matem†ticas,Social,Financiera,8,8,9,8,9,Personal,,Qu°mica,Matem†ticas,F°sica,Dibujo Constructivo,êtica,9,10,9,8,10,Ninguno,Diferente,,,
21,Hombre,Ingenier°a en Computaci¢n,17,5,5,3,2,5,1,1,1,4,2,4,Extranjero,,An†lisis,S°ntesis,Creatividad,Abstracci¢n,Investigaci¢n,7,8,6,9,7,Personal,,Lenguajes de Programaci¢n,Circuitos L¢gicos Combinatorios,Circuitos L¢gicos Secuenciales,Microelectr¢nica Programable,Redes Digitales,10,10,10,10,10,Web / Redes Soc,Diferente,,,
22,Hombre,Ingenier°a en Computaci¢n,17,4,4,5,5,1,2,4,1,4,4,2,Oficinas,,Autodidacta,Creatividad,Paciencia,Trabajo en Equipo,Disciplina,8,7,8,6,6,Personal,,Computaci¢n,Inform†tica,L¢gica,Matem†ticas,F°sicas,9,8,9,9,8,Web / Redes Soc,S/carrera,,,
22,Mujer,Ingenier°a en Telecomunicaciones,17,5,5,2,4,3,3,5,2,4,5,1,Otros,,Electr¢nica,Manejo de Se§ales,Dise§o y Mantenimiento de Enlaces,Matem†ticas,Redes de Datos,8,9,9,10,8,Personal,,CibernÇtica,Expresi¢n Gr†fica,Filosof°a,Psicolog°a,Comunicaci¢n,10,10,10,10,10,Ninguno,Diferente,,,
22,Hombre,Ingenier°a en Computaci¢n,15,4,4,2,5,1,1,2,1,5,2,1,Extranjero,,Autodidacta,Abstracci¢n,Resoluci¢n de Problemas,Creatividad,Toma de Decisiones,10,9,10,8,9,Personal,,C†lculo,F°sica,Qu°mica,Matem†ticas,InglÇs,10,8,10,10,9,Web / Redes Soc,S/carrera,,,
22,Hombre,Ingenier°a en Computaci¢n,17,4,4,5,5,4,5,5,2,2,3,3,Otros,,L¢gico,Matem†ticas,An†lisis,Creatividad,Constancia,8,8,8,8,7,Personal,,F°sica,Matem†ticas,Qu°mica,Inform†tica,Comunicaci¢n,6,8,9,9,10,TV/Medios impresos,S/carrera,,,
22,Hombre,Ingenier°a en Telecomunicaciones,18,4,4,2,2,1,4,1,2,4,2,4,Campo,,Matem†ticas,Creatividad,Criterio,Abstracci¢n,Asertividad,9,8,8,9,8,Personal,,Matem†ticas,F°sica,Temas Selectos de Matem†ticas,Qu°mica,Biolog°a,10,10,9,9,8,Ninguno,Similar,,,
23,Hombre,Ingenier°a Mecatr¢nica,17,2,5,2,4,1,5,5,1,4,1,3,Extranjero,,Dedicaci¢n ,Resoluci¢n de Problemas ,Organizaci¢n,Trabajo en Equipo,Toma de Decisiones,8,8,7,10,9,Personal,,CibernÇtica,F°sica,C†lculo ,Computaci¢n ,Comunicaci¢n,10,10,10,9,8,Ninguno,Diferente,,,
19,Mujer,Ingenier°a Mec†nica,18,5,1,1,5,1,1,1,1,1,1,1,Extranjero,,Resoluci¢n de Problemas ,Responsabilidad,Planificaci¢n,Resoluci¢n de Problemas ,Organizaci¢n,9,10,7,9,10,Personal,,C†lculo ,F°sica,Filosof°a,Literatura,Qu°mica,8,9,7,8,9,Ninguno,S/carrera,,,
26,Hombre,Ingenier°a Mec†nica,18,1,1,1,1,1,5,1,1,1,1,1,Campo,,Adaptaci¢n,Organizaci¢n,Disciplina,Constancia,Planificaci¢n,8,8,8,6,7,Familiares,,Matem†ticas,F°sica,Mec†nica,Comunicaci¢n,Sociolog°a,7,10,9,6,9,Ninguno,Diferente,,,
22,Hombre,Ingenier°a en Computaci¢n,18,1,1,1,1,1,5,1,1,1,1,1,Oficinas,,Constancia,Iniciativa,An†lisis,Resoluci¢n de Problemas ,Trabajo Bajo Presi¢n,10,9,7,10,8,Personal,,Computaci¢n,Dise§o Web,F°sica,Filosof°a,Comunicaci¢n,10,10,10,8,8,Web / Redes Soc,S/carrera,,,
19,Mujer,Ingenier°a en Computaci¢n,15,5,5,3,5,1,1,1,1,1,3,1,Oficinas,,Matem†ticas,Organizaci¢n,Dedicaci¢n,Trabajo en Equipo,Disciplina,8,9,9,7,9,Personal,,Computaci¢n,Opci¢n TÇcnica,Matem†ticas,Dibujo,Derecho,10,10,9,10,8,Ninguno,Similar,,,
24,Mujer,Ingenier°a Petrolera,18,5,3,5,5,1,5,5,1,5,5,1,Campo,,Idiomas,Programaci¢n,Matem†ticas,Trabajo en Equipo,An†lisis,3,9,9,6,6,Personal,,Matem†ticas,F°sica,Qu°mica,Psicolog°a,Computaci¢n ,9,10,8,9,8,Carrera de Moda,Diferente,,,
18,Hombre,Ingenier°a en Computaci¢n,17,5,5,5,5,1,5,5,1,3,5,1,Extranjero,,Programaci¢n,Constancia,Disciplina,Planificaci¢n,Resoluci¢n de Problemas ,8,7,9,7,9,Personal,,Espa§ol,Matem†ticas,F°sica,Administraci¢n,Computaci¢n ,9,8,9,9,10,Carrera de Moda,Diferente,,,
22,Hombre,Ingenier°a BiomÇdica,19,5,5,3,1,1,1,1,1,1,1,5,Otros,,Idiomas,Creatividad,Empat°a,êtica,Autodidacta,4,8,9,9,7,Personal,,Biolog°a,Qu°mica,Anatom°a,Matem†ticas,F°sica,8,7,8,9,9,Carrera Nueva,Diferente,,,
22,Mujer,Ingenier°a en Computaci¢n,18,4,4,5,1,1,1,1,1,3,5,1,Oficinas,,Resoluci¢n de Problemas ,Dedicaci¢n,Matem†ticas,Organizaci¢n,Toma de Desiciones,9,7,7,9,10,Personal,,CibernÇtica,F°sica,C†lculo,Literatura,Opci¢n tÇcnica,10,9,10,10,10,Carrera de Moda,S/carrera,,,
22,Hombre,Ingenier°a en Telecomunicaciones,19,3,1,5,5,1,1,1,1,4,1,1,Campo,,Disciplina,Constancia,Resoluci¢n de Problemas ,Dedicaci¢n,An†lisis,7,8,10,8,3,Personal,,Computaci¢n ,Matem†ticas,Sociolog°a,Comunicaci¢n,F°sica,10,9,10,10,7,Ninguno,Diferente,,,
18,Hombre,Ingenier°a Petrolera,17,5,5,5,5,5,5,4,5,4,5,5,Otros,,Matem†ticas,Trabajo en Equipo,Resoluci¢n de Problemas,Negociar,Hablar en P£blico,8,9,9,8,9,Personal,,C†lculo,Qu°mica,F°sica,Estad°stica,Comunicaci¢n,9,8,9,10,8,TV/Medios impresos,S/carrera,,,
20,Hombre,Ingenier°a Civil,18,5,5,4,2,5,4,5,5,2,4,4,Otros,,Creatividad,Responsabilidad,Constancia,InglÇs,Programaci¢n,8,8,7,4,4,Personal,,F°sica,Qu°mica,InglÇs,Matem†ticas,C†lculo,8,7,7,6,8,Web / Redes Soc,Diferente,,,
22,Hombre,Ingenier°a Geom†tica,17,3,4,2,1,1,1,5,1,1,4,3,Campo,,Software,G. P. S.,Hidr†ulica,E. Total,Estad°sitca,8,6,7,10,8,Personal,,Matem†ticas,F°sica,Qu°mica,Programaci¢n,Computaci¢n,8,8,6,9,7,Ninguno,S/carrera,,,
21,Mujer,Ingenier°a en Computaci¢n,16,4,5,5,1,3,5,5,1,1,2,5,Oficinas,,Paciencia,Control,Respeto,Empat°a,Dedicaci¢n,10,7,10,3,10,Personal,,Matem†ticas,CibernÇtica,F°sica,InglÇs,Expresi¢n Gr†fica,10,10,8,8,10,Web / Redes Soc,Diferente,,,
22,Mujer,Ingenier°a en Computaci¢n,17,5,5,4,5,3,5,5,1,4,3,3,Oficinas,,An†lisis,Creatividad,Dedicaci¢n,Paciencia,Determinaci¢n,9,9,9,8,9,Personal,,C†lculo,CibernÇtica,F°sica,InglÇs,Matem†ticas,8,10,7,10,9,Ninguno,Diferente,,,
18,Mujer,Ingenier°a en Computaci¢n,16,5,5,4,5,5,5,5,1,4,4,5,Extranjero,,An†lisis,Imaginaci¢n,Resoluci¢n de Problemas,Innovaci¢n,Creatividad,9,8,9,8,9,Personal,,Inform†tica,Matem†ticas,F°sica,C†lculo,Computaci¢n,8,9,7,8,8,Ninguno,S/carrera,,,
19,Hombre,Ingenier°a Industrial,18,4,4,2,1,5,1,1,2,2,5,4,Otros,,Liderazgo,Innovaci¢n,Estrateg°a,Razonamiento,Adaptaci¢n,7,10,8,10,10,Personal,,C†lculo,Lat°n,F°sica,Computaci¢n,Matem†ticas,10,10,10,10,10,Ninguno,Diferente,,,
21,Hombre,Ingenier°a Mec†nica,18,5,5,5,5,5,5,1,1,4,5,5,Extranjero,,Creatividad,Ingenio,Razonamiento,Adaptaci¢n,Negociar,9,9,8,8,8,Familiares,,C†lculo,Matem†ticas,Qu°mica,F°sica,Estad°stica,9,8,8,8,8,Ninguno,Diferente,,,
21,Hombre,Ingenier°a ElÇctrica Electr¢nica,17,4,4,4,4,1,1,4,3,3,1,4,Otros,,Constancia,Matem†ticas,Visi¢n,Programaci¢n,F°sica,5,6,8,7,6,Personal,,F°sica,Matem†ticas,Programaci¢n,Q£imica,InglÇs,8,8,10,9,8,Ninguno,Diferente,,,
22,Mujer,Ingenier°a en Telecomunicaciones,17,4,4,4,1,1,1,2,4,4,4,1,Campo,,Razonamiento Matem†tico,L¢gica,Trabajo en Equipo,Creatividad,Autodidacta,8,8,4,8,8,Personal,,C†lculo,F°sica,Matem†ticas,Qu°mica,L¢gica,10,10,9,10,9,Carrera Nueva,S/carrera,,,
21,Hombre,Ingenier°a en Computaci¢n,17,4,4,3,3,1,3,1,1,3,4,1,Oficinas,,Razonamiento,Ingenio,Adaptabilidad,Innovaci¢n,Resilencia,8,8,8,8,10,Personal,,C†lculo,F°sica,CibernÇtica,Estad°stica,Qu°mica,7,9,9,8,8,Ninguno,S/carrera,,,
21,Hombre,Ingenier°a en Computaci¢n,13,5,5,5,1,1,1,1,1,5,5,4,Oficinas,,Constancia,Extrovertido,Compromiso,Seguridad,Empat°a,8,7,9,8,10,Personal,,Matem†ticas,Temas Selectos de Matem†ticas,Orientaci¢n Educativa,Literatura,C†lculo,8,9,10,10,8,Web / Redes Soc,Diferente,,,
21,Mujer,Ingenier°a en Computaci¢n,18,3,2,4,5,1,1,1,1,4,3,1,Extranjero,,Cr°tico,Razomaniento L¢gico,Razonameinto Matem†tico,Inteligencia Emocional,Investigaci¢n,8,6,5,5,9,Personal,,Computaci¢n,Temas Selectos de Matem†ticas,êtica,Italiano,Teatro,10,9,10,10,10,Ninguno,Diferente,,,
24,Hombre,Ingenier°a Mecatronica,18,4,4,3,4,2,5,5,3,1,4,3,Otros,Fabricas,Trabajo bajo presion,Constacia,Organizaci¢n,Habilidad Matematica,Responsabilidad,7,6,7,8,9,Personal,,calculo,geometria analitica,Programacion,Matematicas,ingles,6,8,8,7,8,Ninguno,Misma,,,
24,Hombre,Ingenier°a en Computaci¢n,18,4,3,4,3,3,1,3,3,2,4,2,Otros,En casa,Resolver problemas,Dedicacion,Cretividad,Razonamiento,Trabajo en equipo,6,6,8,8,9,Personal,,Matematicas,Programacion,geometria,Ingles,Calculo,6,6,7,7,7,Ninguno,Diferente,,,
23,Hombre,Ingenier°a Mecatronica,18,5,5,3,2,2,5,4,4,1,5,4,Otros,Fabricas,Dedicacion,Organizaci¢n,Responsabilidad,Empatia,Toma de desiciones,9,7,9,9,9,Personal,,Matematicas,Fundamentos de programacion,contabilidad,dibujo tecnico,Computacion,7,7,7,8,9,Ninguno,S/carrera,,,
24,Hombre,Ingenier°a Civil,18,5,4,4,2,3,5,4,3,1,5,5,Campo,,Confianza,Trabajo Bajo presion,Constancia,Manejo de Problemas,Comunicaci¢n,9,9,8,9,9,Personal,,dibujo tecnico,Matematicas,Literatura,calculo,Contabilidad,8,9,9,9,8,Ninguno,Misma,,,
24,Mujer,Ingenieria Civil,17,5,5,5,3,4,5,4,4,2,5,5,Campo,,Honestidad,Trabajo en equipo,Disciplina,Trabajo bajo presion,Constancia,8,8,8,8,7,Personal,,dibujo tecnico,Matematicas,Computacion,geometria analitica,ingles,8,8,8,9,9,Ninguno,S/carrera,,,
24,Mujer,Ingenier°a en Computaci¢n,18,3,3,5,4,4,5,5,5,3,5,4,Oficinas,,Integridad,Planificacion,Confianza,Honestidad,Dedicacion,9,8,9,9,9,Personal,,fundamentos de programacion,Contabilidad,matematicas,Computacion,calculo,8,9,9,9,9,Ninguno,Diferente,,,
24,Mujer,Ingenieria en Minas y Metalurgia,17,4,4,3,2,2,5,5,3,2,4,3,Campo,,Iniciativa,Responsabilidad,Empatia,Honestidad,Organizaci¢n,9,9,7,9,9,Personal,,calculo,geografia,ingles,dibujo tecnico,quimica,9,10,10,9,10,Ninguno,Diferente,,,
23,Hombre,Ingenier°a Mecatronica,17,5,4,5,4,3,1,2,1,2,4,5,Oficinas,,Flexibilidad,Resolver problemas ,Constancia,Responsabilidad,Creatividad,6,7,7,8,8,Personal,,Fisica,geometria analitica,Quimica,Computacion,Calculo,8,8,9,9,7,Ninguno,Diferente,,,
24,Hombre,Ingenier°a Mecatronica,18,4,5,4,5,4,5,5,4,2,4,3,Extranjero,,Adaptacion,Habilidad matematica,Dedicacion,Toma de desiciones,Analisis,8,8,7,9,8,Personal,,Fisica,Matematicas,Calculo,Quimica,geometria analitica,7,7,8,8,7,Ninguno,Misma,,,
25,Hombre,Ingenier°a en Telecomunicaciones,18,3,3,4,2,2,5,4,2,2,5,4,Oficinas,,Trabajo en equipo,Adaptacion,Planificacion,Toma de desiciones,Analisis,8,7,9,8,8,Personal,,programacion,fisica,matematicas,calculo,ingles,8,9,10,8,7,Ninguno,Diferente,,,
24,Mujer,Ingenier°a en Computaci¢n,18,5,5,4,1,1,1,1,1,3,1,3,Extranjero,,Organizaci¢n,Instalaci¢n,Resoluci¢n de problemas,,,9,9,9,,,Personal,,calculo,CibernÇtica,Computacion,,,7,10,10,,,Ninguno,S/carrera,,,
23,Hombre,Ingenier°a en Telecomunicaciones,18,4,5,1,5,5,5,5,1,3,1,1,Campo,,Ingenio,Responsabilidad,Inteligencia,Constancia,Habilidad matem†tica,10,6,7,6,7,Personal,,calculo,CibernÇtica,Probabilidad,Matematicas,Filosof°a,8,10,7,8,10,Ninguno,S/carrera,,,
24,Hombre,Ingenier°a en Computaci¢n,18,5,4,5,1,4,5,5,1,1,4,1,Oficinas,,Programaci¢n,Liderazgo,An†lisis,,,8,9,8,,,Personal,,calculo,CibernÇtica,Computacion,,,7,9,8,,,Web / Redes Soc,S/carrera,,,
22,Mujer,Ingenier°a en Computaci¢n,12,5,4,5,4,4,5,5,5,5,2,4,Extranjero,Oficinas,Pensamiento abstracto,Habilidad matematica,Pensamiento l¢gico,,,8,8,8,,,Personal,,Inform†tica,Matematicas,,,,9,9,,,,Ninguno,S/carrera,,,
24,Mujer,Ingenier°a Petrolera,19,4,4,5,4,1,5,5,5,5,2,2,Campo,Extranjero,Trabajo en equipo,Capacidad de decisci¢n,Habilidad matem†tica,Trabajo bajo presion,Responsabilidad,9,9,8,8,10,Personal,,Historia,Geograf°a,matematicas,,,10,10,8,,,TV/Medios impresos,S/carrera,,,
22,Mujer,Ingenier°a Geof°sica,17,4,4,5,5,5,5,5,5,5,4,5,Extranjero,Campo,InterÇs por la tierra,F°sica,Matem†tica,Trabajo en equipo,,10,10,10,10,,Personal,,calculo,F°sica,Quimica,CibernÇtica,Computacion,10,8,8,10,10,Ninguno,Diferente,,,
22,Hombre,Ingenier°a Geof°sica,18,2,1,4,1,1,4,5,1,4,4,1,Campo,,Trabajo en equipo,Trabajo Bajo presion,Habilidad matem†tica,,,8,6,8,,,Personal,,calculo,F°sica,Inform†tica,,,6,6,8,,,Ninguno,S/carrera,,,
23,Hombre,Ingenier°a en Computaci¢n,18,4,3,3,3,3,5,5,1,1,3,1,Extranjero,,Habilidad mental,Responsabilidad,Resoluci¢n de problemas,Liderazgo,Ingles,7,8,9,10,6,Personal,,Inform†tica,C†lculo,,,,8,10,,,,Web / Redes Soc,Diferente,,,
23,Hombre,Ingenier°a en Computaci¢n,18,4,4,5,5,1,1,5,1,5,5,1,Oficinas,,Creatividad,Resoluci¢n de problemas,Pensamiento matem†tico,,,8,7,9,,,Personal,,Inform†tica,Matematicas,,,,9,7,,,,TV/Medios impresos,S/carrera,,,
23,Mujer,Ingenier°a Electr¢nica,17,5,5,4,3,1,1,1,1,4,2,4,Oficinas,,Matem†ticas,Programaci¢n,Pensamiento critico,Pensamiento l¢gico,Pensemiento anal°tico,10,10,10,10,10,Personal,,Matematicas,F°sica,Programacion,An†lisis de Sistemas y Se§ales,Espa§ol,9,9,9,9,10,Ninguno,S/carrera,,,
25,Hombre,Ingenier°a Mecatronica,18,4,5,5,5,5,4,5,4,5,5,5,Oficinas,,Perseverancia,L¢gica,Disciplina,Adaptabilidad,Trabajo en equipo,9,9,8,8,8,Personal,,Matematicas,Fisica,Probabilidad,Ingles,geometria analitica,10,10,10,10,10,Ninguno,S/carrera,,,
27,Hombre,Ingenier°a Mecatronica,17,4,4,5,5,3,1,2,1,1,5,4,Campo,,Adaptacion,Creatividad,Trabajo en Equipo,Honestidad,Comunicaci¢n,9,8,9,8,8,Personal,,Matematicas,fisica,Electronica,Sistemas,quimica,9,8,9,8,7,Ninguno,Diferente,,,
23,Mujer,Ingeier°a en Computaci¢n,18,4,3,4,3,3,4,4,1,1,2,2,Oficinas,,Tolerancia al fracaso,Resposabilidad,Creativo,Pensamiento l¢gico,Trabajo en equipo,8,8,8,9,8,Personal,,Matematicas,fisica,Calculo,Fundamentos de programaci¢n,geometria analitica,8,7,7,8,7,Ninguno,Diferente,,,
30,Hombre,Ingenier°a Electrica Electr¢nica,19,4,5,2,1,1,1,1,3,3,2,1,Oficinas,,Creatividad,Constacia,Trabajo en Equipo,Pensamiento l¢gico,Pensamiento anal°tico,8,9,8,9,9,Personal,,Algebra,fisica,Calculo,Probabilidad,geometria analitica,8,7,9,8,10,Ninguno,S/carrera,,,
21,Hombre,Ingenier°a Geof°sica,16,4,4,3,3,1,1,1,1,1,4,3,Campo,,Trabajar bajo presi¢n,Responsabilidad,Pensamiento Critico,L¢gica,Organizaci¢n,9,9,9,8,9,Personal,,Algebra,Fisica,Geograf°a,geometria analitica,Calculo,9,9,9,9,9,Ninguno,Misma,,,
22,Hombre,Ingenier°a Industrial,17,5,5,3,3,3,2,2,1,1,5,4,Extranjero,,Liderazgo,Planificacion,Pensamiento l¢gico,Responsabilidad,Trabajo en equipo,8,8,9,8,9,Personal,,Matematicas,Ingles,Fundamentos de Programaci¢n,Probabilidad,Filosof°a,9,9,8,8,9,Ninguno,Diferente,,,
26,Mujer,Ingenier°a Mecatronica,17,5,5,2,2,3,2,3,2,3,4,5,Extranjero,,Programaci¢n,Pensamiento l¢gico,Pensamiento anal°tico,Pensamiento Cr°tico,Trabajo en equipo,8,9,9,9,9,Personal,,Calculo,geometria analitica,Algebra,Probabilidad,Lengua Espa§ola,9,9,9,9,9,Ninguno,Diferente,,,
26,Hombre,Ingenier°a Mecatronica,18,4,5,1,2,2,3,2,3,1,5,4,Oficinas,,Trabajo en equipo,Pensamiento anal°tico,Pensamiento l¢gico,Responsabilidad,Pensamiento Matem†tico,8,10,10,8,10,Personal,,Algebra,Calculo,Geometr°a Anal°tica,F°sica,Lengua Espa§ola,8,10,9,9,10,Ninguno,S/carrera,,,
23,Mujer,Ingenier°a en Computaci¢n,16,4,4,5,5,3,4,5,3,2,4,1,Oficinas,Extranjero,Trabajo en equipo,Responsabilidad,Pensamiento cr°tico,Perseverancia,Pensamiento l¢gico,8,8,8,9,10,Personal,,Geometr°a anal°tica,L¢gica,µlgebra,F°sica,Psicolog°a,10,9,8,9,8,Ninguno,Diferente,,,
,,,,,,,,,,,,,,,,,,,,,,,,,,,,,,,,,,,,,,,,,,,
,,,,,,,,,,,,,,,,,,,,,,,,,,,,,,,,,,,,,,,,,,,
,,,,,,,,,,,,,,,,,,,,,,,,,,,,,,,,,,,,,,,,,,,
,,,,,,,,,,,,,,,,,,,,,,,,,,,,,,,,,,,,,,,,,,,
,,,,,,,,,,,,,,,,,,,,,,,,,,,,,,,,,,,,,,,,,,,
,,,,,,,,,,,,,,,,,,,,,,,,,,,,,,,,,,,,,,,,,,,
,,,,,,,,,,,,,,,,,,,,,,,,,,,,,,,,,,,,,,,,,,,
,,,,,,,,,,,,,,,,,,,,,,,,,,,,,,,,,,,,,,,,,,,
,,,,,,,,,,,,,,,,,,,,,,,,,,,,,,,,,,,,,,,,,,,
,,,,,,,,,,,,,,,,,,,,,,,,,,,,,,,,,,,,,,,,,,,
,,,,,,,,,,,,,,,,,,,,,,,,,,,,,,,,,,,,,,,,,,,
,,,,,,,,,,,,,,,,,,,,,,,,,,,,,,,,,,,,,,,,,,,
,,,,,,,,,,,,,,,,,,,,,,,,,,,,,,,,,,,,,,,,,,,
,,,,,,,,,,,,,,,,,,,,,,,,,,,,,,,,,,,,,,,,,,,
,,,,,,,,,,,,,,,,,,,,,,,,,,,,,,,,,,,,,,,,,,,
,,,,,,,,,,,,,,,,,,,,,,,,,,,,,,,,,,,,,,,,,,,
,,,,,,,,,,,,,,,,,,,,,,,,,,,,,,,,,,,,,,,,,,,
,,,,,,,,,,,,,,,,,,,,,,,,,,,,,,,,,,,,,,,,,,,
,,,,,,,,,,,,,,,,,,,,,,,,,,,,,,,,,,,,,,,,,,,
,,,,,,,,,,,,,,,,,,,,,,,,,,,,,,,,,,,,,,,,,,,
,,,,,,,,,,,,,,,,,,,,,,,,,,,,,,,,,,,,,,,,,,,
,,,,,,,,,,,,,,,,,,,,,,,,,,,,,,,,,,,,,,,,,,,
,,,,,,,,,,,,,,,,,,,,,,,,,,,,,,,,,,,,,,,,,,,
,,,,,,,,,,,,,,,,,,,,,,,,,,,,,,,,,,,,,,,,,,,
,,,,,,,,,,,,,,,,,,,,,,,,,,,,,,,,,,,,,,,,,,,
,,,,,,,,,,,,,,,,,,,,,,,,,,,,,,,,,,,,,,,,,,,
,,,,,,,,,,,,,,,,,,,,,,,,,,,,,,,,,,,,,,,,,,,
,,,,,,,,,,,,,,,,,,,,,,,,,,,,,,,,,,,,,,,,,,,
,,,,,,,,,,,,,,,,,,,,,,,,,,,,,,,,,,,,,,,,,,,
,,,,,,,,,,,,,,,,,,,,,,,,,,,,,,,,,,,,,,,,,,,
,,,,,,,,,,,,,,,,,,,,,,,,,,,,,,,,,,,,,,,,,,,
,,,,,,,,,,,,,,,,,,,,,,,,,,,,,,,,,,,,,,,,,,,
,,,,,,,,,,,,,,,,,,,,,,,,,,,,,,,,,,,,,,,,,,,
,,,,,,,,,,,,,,,,,,,,,,,,,,,,,,,,,,,,,,,,,,,
,,,,,,,,,,,,,,,,,,,,,,,,,,,,,,,,,,,,,,,,,,,
,,,,,,,,,,,,,,,,,,,,,,,,,,,,,,,,,,,,,,,,,,,
,,,,,,,,,,,,,,,,,,,,,,,,,,,,,,,,,,,,,,,,,,,
,,,,,,,,,,,,,,,,,,,,,,,,,,,,,,,,,,,,,,,,,,,
,,,,,,,,,,,,,,,,,,,,,,,,,,,,,,,,,,,,,,,,,,,
,,,,,,,,,,,,,,,,,,,,,,,,,,,,,,,,,,,,,,,,,,,
,,,,,,,,,,,,,,,,,,,,,,,,,,,,,,,,,,,,,,,,,,,
,,,,,,,,,,,,,,,,,,,,,,,,,,,,,,,,,,,,,,,,,,,
,,,,,,,,,,,,,,,,,,,,,,,,,,,,,,,,,,,,,,,,,,,
,,,,,,,,,,,,,,,,,,,,,,,,,,,,,,,,,,,,,,,,,,,
,,,,,,,,,,,,,,,,,,,,,,,,,,,,,,,,,,,,,,,,,,,
,,,,,,,,,,,,,,,,,,,,,,,,,,,,,,,,,,,,,,,,,,,
,,,,,,,,,,,,,,,,,,,,,,,,,,,,,,,,,,,,,,,,,,,
,,,,,,,,,,,,,,,,,,,,,,,,,,,,,,,,,,,,,,,,,,,
,,,,,,,,,,,,,,,,,,,,,,,,,,,,,,,,,,,,,,,,,,,
,,,,,,,,,,,,,,,,,,,,,,,,,,,,,,,,,,,,,,,,,,,
,,,,,,,,,,,,,,,,,,,,,,,,,,,,,,,,,,,,,,,,,,,
,,,,,,,,,,,,,,,,,,,,,,,,,,,,,,,,,,,,,,,,,,,
,,,,,,,,,,,,,,,,,,,,,,,,,,,,,,,,,,,,,,,,,,,
,,,,,,,,,,,,,,,,,,,,,,,,,,,,,,,,,,,,,,,,,,,
,,,,,,,,,,,,,,,,,,,,,,,,,,,,,,,,,,,,,,,,,,,
,,,,,,,,,,,,,,,,,,,,,,,,,,,,,,,,,,,,,,,,,,,
,,,,,,,,,,,,,,,,,,,,,,,,,,,,,,,,,,,,,,,,,,,
,,,,,,,,,,,,,,,,,,,,,,,,,,,,,,,,,,,,,,,,,,,
,,,,,,,,,,,,,,,,,,,,,,,,,,,,,,,,,,,,,,,,,,,
,,,,,,,,,,,,,,,,,,,,,,,,,,,,,,,,,,,,,,,,,,,
,,,,,,,,,,,,,,,,,,,,,,,,,,,,,,,,,,,,,,,,,,,
,,,,,,,,,,,,,,,,,,,,,,,,,,,,,,,,,,,,,,,,,,,
,,,,,,,,,,,,,,,,,,,,,,,,,,,,,,,,,,,,,,,,,,,
,,,,,,,,,,,,,,,,,,,,,,,,,,,,,,,,,,,,,,,,,,,
,,,,,,,,,,,,,,,,,,,,,,,,,,,,,,,,,,,,,,,,,,,
,,,,,,,,,,,,,,,,,,,,,,,,,,,,,,,,,,,,,,,,,,,
,,,,,,,,,,,,,,,,,,,,,,,,,,,,,,,,,,,,,,,,,,,
,,,,,,,,,,,,,,,,,,,,,,,,,,,,,,,,,,,,,,,,,,,
,,,,,,,,,,,,,,,,,,,,,,,,,,,,,,,,,,,,,,,,,,,
,,,,,,,,,,,,,,,,,,,,,,,,,,,,,,,,,,,,,,,,,,,
,,,,,,,,,,,,,,,,,,,,,,,,,,,,,,,,,,,,,,,,,,,
,,,,,,,,,,,,,,,,,,,,,,,,,,,,,,,,,,,,,,,,,,,
,,,,,,,,,,,,,,,,,,,,,,,,,,,,,,,,,,,,,,,,,,,
,,,,,,,,,,,,,,,,,,,,,,,,,,,,,,,,,,,,,,,,,,,
,,,,,,,,,,,,,,,,,,,,,,,,,,,,,,,,,,,,,,,,,,,
,,,,,,,,,,,,,,,,,,,,,,,,,,,,,,,,,,,,,,,,,,,
,,,,,,,,,,,,,,,,,,,,,,,,,,,,,,,,,,,,,,,,,,,
,,,,,,,,,,,,,,,,,,,,,,,,,,,,,,,,,,,,,,,,,,,
,,,,,,,,,,,,,,,,,,,,,,,,,,,,,,,,,,,,,,,,,,,
,,,,,,,,,,,,,,,,,,,,,,,,,,,,,,,,,,,,,,,,,,,
,,,,,,,,,,,,,,,,,,,,,,,,,,,,,,,,,,,,,,,,,,,
,,,,,,,,,,,,,,,,,,,,,,,,,,,,,,,,,,,,,,,,,,,
,,,,,,,,,,,,,,,,,,,,,,,,,,,,,,,,,,,,,,,,,,,
,,,,,,,,,,,,,,,,,,,,,,,,,,,,,,,,,,,,,,,,,,,
,,,,,,,,,,,,,,,,,,,,,,,,,,,,,,,,,,,,,,,,,,,
,,,,,,,,,,,,,,,,,,,,,,,,,,,,,,,,,,,,,,,,,,,
,,,,,,,,,,,,,,,,,,,,,,,,,,,,,,,,,,,,,,,,,,,
,,,,,,,,,,,,,,,,,,,,,,,,,,,,,,,,,,,,,,,,,,,
,,,,,,,,,,,,,,,,,,,,,,,,,,,,,,,,,,,,,,,,,,,
,,,,,,,,,,,,,,,,,,,,,,,,,,,,,,,,,,,,,,,,,,,
,,,,,,,,,,,,,,,,,,,,,,,,,,,,,,,,,,,,,,,,,,,
,,,,,,,,,,,,,,,,,,,,,,,,,,,,,,,,,,,,,,,,,,,
,,,,,,,,,,,,,,,,,,,,,,,,,,,,,,,,,,,,,,,,,,,
,,,,,,,,,,,,,,,,,,,,,,,,,,,,,,,,,,,,,,,,,,,
,,,,,,,,,,,,,,,,,,,,,,,,,,,,,,,,,,,,,,,,,,,
,,,,,,,,,,,,,,,,,,,,,,,,,,,,,,,,,,,,,,,,,,,
,,,,,,,,,,,,,,,,,,,,,,,,,,,,,,,,,,,,,,,,,,,
,,,,,,,,,,,,,,,,,,,,,,,,,,,,,,,,,,,,,,,,,,,
,,,,,,,,,,,,,,,,,,,,,,,,,,,,,,,,,,,,,,,,,,,
,,,,,,,,,,,,,,,,,,,,,,,,,,,,,,,,,,,,,,,,,,,
,,,,,,,,,,,,,,,,,,,,,,,,,,,,,,,,,,,,,,,,,,,
,,,,,,,,,,,,,,,,,,,,,,,,,,,,,,,,,,,,,,,,,,,
,,,,,,,,,,,,,,,,,,,,,,,,,,,,,,,,,,,,,,,,,,,
,,,,,,,,,,,,,,,,,,,,,,,,,,,,,,,,,,,,,,,,,,,
,,,,,,,,,,,,,,,,,,,,,,,,,,,,,,,,,,,,,,,,,,,
,,,,,,,,,,,,,,,,,,,,,,,,,,,,,,,,,,,,,,,,,,,
,,,,,,,,,,,,,,,,,,,,,,,,,,,,,,,,,,,,,,,,,,,
,,,,,,,,,,,,,,,,,,,,,,,,,,,,,,,,,,,,,,,,,,,
,,,,,,,,,,,,,,,,,,,,,,,,,,,,,,,,,,,,,,,,,,,
,,,,,,,,,,,,,,,,,,,,,,,,,,,,,,,,,,,,,,,,,,,
,,,,,,,,,,,,,,,,,,,,,,,,,,,,,,,,,,,,,,,,,,,
,,,,,,,,,,,,,,,,,,,,,,,,,,,,,,,,,,,,,,,,,,,
,,,,,,,,,,,,,,,,,,,,,,,,,,,,,,,,,,,,,,,,,,,
,,,,,,,,,,,,,,,,,,,,,,,,,,,,,,,,,,,,,,,,,,,
,,,,,,,,,,,,,,,,,,,,,,,,,,,,,,,,,,,,,,,,,,,
,,,,,,,,,,,,,,,,,,,,,,,,,,,,,,,,,,,,,,,,,,,
,,,,,,,,,,,,,,,,,,,,,,,,,,,,,,,,,,,,,,,,,,,
,,,,,,,,,,,,,,,,,,,,,,,,,,,,,,,,,,,,,,,,,,,
,,,,,,,,,,,,,,,,,,,,,,,,,,,,,,,,,,,,,,,,,,,
,,,,,,,,,,,,,,,,,,,,,,,,,,,,,,,,,,,,,,,,,,,
,,,,,,,,,,,,,,,,,,,,,,,,,,,,,,,,,,,,,,,,,,,
,,,,,,,,,,,,,,,,,,,,,,,,,,,,,,,,,,,,,,,,,,,
,,,,,,,,,,,,,,,,,,,,,,,,,,,,,,,,,,,,,,,,,,,
,,,,,,,,,,,,,,,,,,,,,,,,,,,,,,,,,,,,,,,,,,,
,,,,,,,,,,,,,,,,,,,,,,,,,,,,,,,,,,,,,,,,,,,
,,,,,,,,,,,,,,,,,,,,,,,,,,,,,,,,,,,,,,,,,,,
,,,,,,,,,,,,,,,,,,,,,,,,,,,,,,,,,,,,,,,,,,,
,,,,,,,,,,,,,,,,,,,,,,,,,,,,,,,,,,,,,,,,,,,
,,,,,,,,,,,,,,,,,,,,,,,,,,,,,,,,,,,,,,,,,,,
,,,,,,,,,,,,,,,,,,,,,,,,,,,,,,,,,,,,,,,,,,,
,,,,,,,,,,,,,,,,,,,,,,,,,,,,,,,,,,,,,,,,,,,
,,,,,,,,,,,,,,,,,,,,,,,,,,,,,,,,,,,,,,,,,,,
,,,,,,,,,,,,,,,,,,,,,,,,,,,,,,,,,,,,,,,,,,,
,,,,,,,,,,,,,,,,,,,,,,,,,,,,,,,,,,,,,,,,,,,
,,,,,,,,,,,,,,,,,,,,,,,,,,,,,,,,,,,,,,,,,,,
,,,,,,,,,,,,,,,,,,,,,,,,,,,,,,,,,,,,,,,,,,,
,,,,,,,,,,,,,,,,,,,,,,,,,,,,,,,,,,,,,,,,,,,
,,,,,,,,,,,,,,,,,,,,,,,,,,,,,,,,,,,,,,,,,,,
,,,,,,,,,,,,,,,,,,,,,,,,,,,,,,,,,,,,,,,,,,,
,,,,,,,,,,,,,,,,,,,,,,,,,,,,,,,,,,,,,,,,,,,
,,,,,,,,,,,,,,,,,,,,,,,,,,,,,,,,,,,,,,,,,,,
,,,,,,,,,,,,,,,,,,,,,,,,,,,,,,,,,,,,,,,,,,,
,,,,,,,,,,,,,,,,,,,,,,,,,,,,,,,,,,,,,,,,,,,
,,,,,,,,,,,,,,,,,,,,,,,,,,,,,,,,,,,,,,,,,,,
,,,,,,,,,,,,,,,,,,,,,,,,,,,,,,,,,,,,,,,,,,,
,,,,,,,,,,,,,,,,,,,,,,,,,,,,,,,,,,,,,,,,,,,
,,,,,,,,,,,,,,,,,,,,,,,,,,,,,,,,,,,,,,,,,,,
,,,,,,,,,,,,,,,,,,,,,,,,,,,,,,,,,,,,,,,,,,,
,,,,,,,,,,,,,,,,,,,,,,,,,,,,,,,,,,,,,,,,,,,
,,,,,,,,,,,,,,,,,,,,,,,,,,,,,,,,,,,,,,,,,,,
,,,,,,,,,,,,,,,,,,,,,,,,,,,,,,,,,,,,,,,,,,,
,,,,,,,,,,,,,,,,,,,,,,,,,,,,,,,,,,,,,,,,,,,
,,,,,,,,,,,,,,,,,,,,,,,,,,,,,,,,,,,,,,,,,,,
,,,,,,,,,,,,,,,,,,,,,,,,,,,,,,,,,,,,,,,,,,,
,,,,,,,,,,,,,,,,,,,,,,,,,,,,,,,,,,,,,,,,,,,
,,,,,,,,,,,,,,,,,,,,,,,,,,,,,,,,,,,,,,,,,,,
,,,,,,,,,,,,,,,,,,,,,,,,,,,,,,,,,,,,,,,,,,,
,,,,,,,,,,,,,,,,,,,,,,,,,,,,,,,,,,,,,,,,,,,
,,,,,,,,,,,,,,,,,,,,,,,,,,,,,,,,,,,,,,,,,,,
,,,,,,,,,,,,,,,,,,,,,,,,,,,,,,,,,,,,,,,,,,,
,,,,,,,,,,,,,,,,,,,,,,,,,,,,,,,,,,,,,,,,,,,
,,,,,,,,,,,,,,,,,,,,,,,,,,,,,,,,,,,,,,,,,,,
,,,,,,,,,,,,,,,,,,,,,,,,,,,,,,,,,,,,,,,,,,,
,,,,,,,,,,,,,,,,,,,,,,,,,,,,,,,,,,,,,,,,,,,
,,,,,,,,,,,,,,,,,,,,,,,,,,,,,,,,,,,,,,,,,,,
,,,,,,,,,,,,,,,,,,,,,,,,,,,,,,,,,,,,,,,,,,,
,,,,,,,,,,,,,,,,,,,,,,,,,,,,,,,,,,,,,,,,,,,
,,,,,,,,,,,,,,,,,,,,,,,,,,,,,,,,,,,,,,,,,,,
,,,,,,,,,,,,,,,,,,,,,,,,,,,,,,,,,,,,,,,,,,,
,,,,,,,,,,,,,,,,,,,,,,,,,,,,,,,,,,,,,,,,,,,
,,,,,,,,,,,,,,,,,,,,,,,,,,,,,,,,,,,,,,,,,,,
,,,,,,,,,,,,,,,,,,,,,,,,,,,,,,,,,,,,,,,,,,,
,,,,,,,,,,,,,,,,,,,,,,,,,,,,,,,,,,,,,,,,,,,
,,,,,,,,,,,,,,,,,,,,,,,,,,,,,,,,,,,,,,,,,,,
,,,,,,,,,,,,,,,,,,,,,,,,,,,,,,,,,,,,,,,,,,,
,,,,,,,,,,,,,,,,,,,,,,,,,,,,,,,,,,,,,,,,,,,
,,,,,,,,,,,,,,,,,,,,,,,,,,,,,,,,,,,,,,,,,,,
,,,,,,,,,,,,,,,,,,,,,,,,,,,,,,,,,,,,,,,,,,,
,,,,,,,,,,,,,,,,,,,,,,,,,,,,,,,,,,,,,,,,,,,
,,,,,,,,,,,,,,,,,,,,,,,,,,,,,,,,,,,,,,,,,,,
,,,,,,,,,,,,,,,,,,,,,,,,,,,,,,,,,,,,,,,,,,,
,,,,,,,,,,,,,,,,,,,,,,,,,,,,,,,,,,,,,,,,,,,
,,,,,,,,,,,,,,,,,,,,,,,,,,,,,,,,,,,,,,,,,,,
,,,,,,,,,,,,,,,,,,,,,,,,,,,,,,,,,,,,,,,,,,,
,,,,,,,,,,,,,,,,,,,,,,,,,,,,,,,,,,,,,,,,,,,
,,,,,,,,,,,,,,,,,,,,,,,,,,,,,,,,,,,,,,,,,,,
,,,,,,,,,,,,,,,,,,,,,,,,,,,,,,,,,,,,,,,,,,,
,,,,,,,,,,,,,,,,,,,,,,,,,,,,,,,,,,,,,,,,,,,
,,,,,,,,,,,,,,,,,,,,,,,,,,,,,,,,,,,,,,,,,,,
,,,,,,,,,,,,,,,,,,,,,,,,,,,,,,,,,,,,,,,,,,,
,,,,,,,,,,,,,,,,,,,,,,,,,,,,,,,,,,,,,,,,,,,
,,,,,,,,,,,,,,,,,,,,,,,,,,,,,,,,,,,,,,,,,,,
